============================================================
[dump_results] RUN_DIR = /mnt/c/Users/AIALRA-PORTABLE/Desktop/Seconds-Rule-Tiered-Ann1/Seconds-Rule-Tiered-ANN/results/tiered_ann_seconds_rule_20251215_232258
============================================================

------------------------------------------------------------
1) Basic information of ann_policy_agg.csv
------------------------------------------------------------
File path: /mnt/c/Users/AIALRA-PORTABLE/Desktop/Seconds-Rule-Tiered-Ann1/Seconds-Rule-Tiered-ANN/results/tiered_ann_seconds_rule_20251215_232258/agg/ann_policy_agg.csv
Total rows: 324
Columns: ['nprobe', 'dram_fraction', 'max_iops', 'policy', 'avg_ann_us_mean', 'avg_ann_us_std', 'avg_ann_us_ci95', 'recall_at_k_mean', 'recall_at_k_std', 'recall_at_k_ci95', 'avg_latency_us_mean', 'avg_latency_us_std', 'avg_latency_us_ci95', 'p50_latency_us_mean', 'p50_latency_us_std', 'p50_latency_us_ci95', 'p95_latency_us_mean', 'p95_latency_us_std', 'p95_latency_us_ci95', 'p99_latency_us_mean', 'p99_latency_us_std', 'p99_latency_us_ci95', 'qps_from_avg_latency_mean', 'qps_from_avg_latency_std', 'qps_from_avg_latency_ci95', 'avg_ssd_pages_mean', 'avg_ssd_pages_std', 'avg_ssd_pages_ci95', 'avg_ssd_bytes_mean', 'avg_ssd_bytes_std', 'avg_ssd_bytes_ci95', 'avg_io_amplification_mean', 'avg_io_amplification_std', 'avg_io_amplification_ci95', 'total_migration_bytes_mean', 'total_migration_bytes_std', 'total_migration_bytes_ci95', 'migration_bytes_per_query_mean', 'migration_bytes_per_query_std', 'migration_bytes_per_query_ci95', 'avg_migrated_clusters_per_rebalance_mean', 'avg_migrated_clusters_per_rebalance_std', 'avg_migrated_clusters_per_rebalance_ci95', 'total_migration_time_us_mean', 'total_migration_time_us_std', 'total_migration_time_us_ci95', 'migration_time_us_per_query_mean', 'migration_time_us_per_query_std', 'migration_time_us_per_query_ci95', 'num_seeds']

Auto-detected columns (you may want to double-check):
  policy     -> 'policy'
  dram       -> 'dram_fraction'
  p95        -> 'p95_latency_us_mean'
  recall     -> 'recall_at_k_mean'
  io_amp     -> 'avg_io_amplification_mean'
  migration  -> 'total_migration_bytes_mean'

All policy names (use these names when writing conclusions):
  - all_dram
  - all_ssd
  - lru
  - naive_lfu
  - seconds_rule
  - window_lfu

Unique values of dram_fraction (DRAM configurations): [0.05, 0.1, 0.2]

Preview of the first 10 rows (so I can understand the table schema):
 nprobe  dram_fraction  max_iops       policy  avg_ann_us_mean  avg_ann_us_std  avg_ann_us_ci95  recall_at_k_mean  recall_at_k_std  recall_at_k_ci95  avg_latency_us_mean  avg_latency_us_std  avg_latency_us_ci95  p50_latency_us_mean  p50_latency_us_std  p50_latency_us_ci95  p95_latency_us_mean  p95_latency_us_std  p95_latency_us_ci95  p99_latency_us_mean  p99_latency_us_std  p99_latency_us_ci95  qps_from_avg_latency_mean  qps_from_avg_latency_std  qps_from_avg_latency_ci95  avg_ssd_pages_mean  avg_ssd_pages_std  avg_ssd_pages_ci95  avg_ssd_bytes_mean  avg_ssd_bytes_std  avg_ssd_bytes_ci95  avg_io_amplification_mean  avg_io_amplification_std  avg_io_amplification_ci95  total_migration_bytes_mean  total_migration_bytes_std  total_migration_bytes_ci95  migration_bytes_per_query_mean  migration_bytes_per_query_std  migration_bytes_per_query_ci95  avg_migrated_clusters_per_rebalance_mean  avg_migrated_clusters_per_rebalance_std  avg_migrated_clusters_per_rebalance_ci95  total_migration_time_us_mean  total_migration_time_us_std  total_migration_time_us_ci95  migration_time_us_per_query_mean  migration_time_us_per_query_std  migration_time_us_per_query_ci95  num_seeds
      1           0.05 1000000.0     all_dram        14.904324        0.517925         0.586087          0.567367         0.011007          0.012456            15.104324            0.517925             0.586087            15.104324            0.517925             0.586087            15.104324            0.517925             0.586087            15.104324            0.517925             0.586087               66257.156541               2228.794806                2522.118751            0.000000           0.000000            0.000000            0.000000           0.000000            0.000000                   0.000000                  0.000000                   0.000000                0.000000e+00               0.000000e+00                0.000000e+00                        0.000000                       0.000000                        0.000000                                  0.000000                             0.000000e+00                              0.000000e+00                      0.000000                     0.000000                      0.000000                          0.000000                         0.000000                          0.000000          3
      1           0.05 1000000.0      all_ssd        14.904324        0.517925         0.586087          0.567367         0.011007          0.012456          4692.017324           33.214613            37.585873          4508.904324          200.729403           227.146703          7392.904324          612.150289           692.713263          9135.904324          870.513635           985.078912                 213.135063                  1.508831                   1.707403          222.719667           1.559549            1.764796       912259.754667        6387.914345         7228.605571                 178.175733                  1.247640                   1.411837                0.000000e+00               0.000000e+00                0.000000e+00                        0.000000                       0.000000                        0.000000                                  0.000000                             0.000000e+00                              0.000000e+00                      0.000000                     0.000000                      0.000000                          0.000000                         0.000000                          0.000000          3
      1           0.05 1000000.0          lru        14.904324        0.517925         0.586087          0.567367         0.011007          0.012456          4417.606524           54.813691            62.027531          4375.904324          261.402758           295.805068          7392.904324          612.150289           692.713263          9135.904324          870.513635           985.078912                 226.390080                  2.799431                   3.167855          209.652000           2.586563            2.926971       858734.592000       10594.561135        11988.874538                 167.721600                  2.069250                   2.341577                2.553788e+07               6.737329e+05                7.624006e+05                    25537.877333                     673.732925                      762.400576                                  5.600000                             1.087792e-15                              1.230952e-15                 130984.000000                  3452.717625                   3907.117803                        130.984000                         3.452718                          3.907118          3
      1           0.05 1000000.0    naive_lfu        14.904324        0.517925         0.586087          0.567367         0.011007          0.012456          4154.789191           86.818190            98.244030          4263.904324          195.632998           221.379577          6944.904324          604.470102           684.022313          8106.904324          917.817019          1038.607730                 240.756147                  5.028784                   5.690605          197.136667           4.133111            4.677056       807471.786667       16929.224041        19157.220432                 157.709333                  3.306489                   3.741645                1.550251e+07               4.154120e+06                4.700829e+06                    15502.506667                    4154.119828                     4700.829113                                  2.800000                             6.928203e-01                              7.840000e-01                  79520.000000                 21307.440039                  24111.638234                         79.520000                        21.307440                         24.111638          3
      1           0.05 1000000.0 seconds_rule        14.904324        0.517925         0.586087          0.567367         0.011007          0.012456          4192.602257           63.114528            71.420812          4277.904324          187.147700           211.777559          6944.904324          604.470102           684.022313          8106.904324          917.817019          1038.607730                 238.551084                  3.560506                   4.029092          198.937333           3.017520            3.414645       814847.317333       12359.760822        13986.386026                 159.149867                  2.414016                   2.731716                1.671629e+07               3.984077e+06                4.508407e+06                    16716.288000                    3984.076505                     4508.406980                                  3.066667                             6.110101e-01                              6.914230e-01                  85750.000000                 20439.250842                  23129.189673                         85.750000                        20.439251                         23.129190          3
      1           0.05 1000000.0   window_lfu        14.904324        0.517925         0.586087          0.567367         0.011007          0.012456          4154.789191           86.818190            98.244030          4263.904324          195.632998           221.379577          6944.904324          604.470102           684.022313          8106.904324          917.817019          1038.607730                 240.756147                  5.028784                   5.690605          197.136667           4.133111            4.677056       807471.786667       16929.224041        19157.220432                 157.709333                  3.306489                   3.741645                1.550251e+07               4.154120e+06                4.700829e+06                    15502.506667                    4154.119828                     4700.829113                                  2.800000                             6.928203e-01                              7.840000e-01                  79520.000000                 21307.440039                  24111.638234                         79.520000                        21.307440                         24.111638          3
      1           0.05 5000000.0     all_dram        14.904324        0.517925         0.586087          0.567367         0.011007          0.012456            15.104324            0.517925             0.586087            15.104324            0.517925             0.586087            15.104324            0.517925             0.586087            15.104324            0.517925             0.586087               66257.156541               2228.794806                2522.118751            0.000000           0.000000            0.000000            0.000000           0.000000            0.000000                   0.000000                  0.000000                   0.000000                0.000000e+00               0.000000e+00                0.000000e+00                        0.000000                       0.000000                        0.000000                                  0.000000                             0.000000e+00                              0.000000e+00                      0.000000                     0.000000                      0.000000                          0.000000                         0.000000                          0.000000          3
      1           0.05 5000000.0      all_ssd        14.904324        0.517925         0.586087          0.567367         0.011007          0.012456          4513.841591           31.967005            36.174071          4337.704324          193.097900           218.510844          7111.837657          588.821916           666.314723          8788.437657          837.370712           947.574164                 221.548191                  1.569056                   1.775554          222.719667           1.559549            1.764796       912259.754667        6387.914345         7228.605571                 178.175733                  1.247640                   1.411837                0.000000e+00               0.000000e+00                0.000000e+00                        0.000000                       0.000000                        0.000000                                  0.000000                             0.000000e+00                              0.000000e+00                      0.000000                     0.000000                      0.000000                          0.000000                         0.000000                          0.000000          3
      1           0.05 5000000.0          lru        14.904324        0.517925         0.586087          0.567367         0.011007          0.012456          4249.884924           52.744449            59.685963          4209.770991          251.464281           284.558622          7111.837657          588.821916           666.314723          8788.437657          837.370712           947.574164                 235.324570                  2.910557                   3.293605          209.652000           2.586563            2.926971       858734.592000       10594.561135        11988.874538                 167.721600                  2.069250                   2.341577                2.553788e+07               6.737329e+05                7.624006e+05                    25537.877333                     673.732925                      762.400576                                  5.600000                             1.087792e-15                              1.230952e-15                 125994.133333                  3321.185525                   3758.275220                        125.994133                         3.321186                          3.758275          3
      1           0.05 5000000.0    naive_lfu        14.904324        0.517925         0.586087          0.567367         0.011007          0.012456          3997.079857           83.511761            94.502454          4102.037657          188.199740           212.968054          6680.904324          581.436222           657.957024          7798.637657          882.832832           999.019396                 250.255437                  5.226560                   5.914409          197.136667           4.133111            4.677056       807471.786667       16929.224041        19157.220432                 157.709333                  3.306489                   3.741645                1.550251e+07               4.154120e+06                4.700829e+06                    15502.506667                    4154.119828                     4700.829113                                  2.800000                             6.928203e-01                              7.840000e-01                  76490.666667                 20495.728037                  23193.099635                         76.490667                        20.495728                         23.193100          3

------------------------------------------------------------
2) Metrics for each policy at key DRAM points (min / median / max)
------------------------------------------------------------

=== Rows for each policy when dram_fraction = 0.05 ===
 nprobe  dram_fraction   max_iops       policy  avg_ann_us_mean  avg_ann_us_std  avg_ann_us_ci95  recall_at_k_mean  recall_at_k_std  recall_at_k_ci95  avg_latency_us_mean  avg_latency_us_std  avg_latency_us_ci95  p50_latency_us_mean  p50_latency_us_std  p50_latency_us_ci95  p95_latency_us_mean  p95_latency_us_std  p95_latency_us_ci95  p99_latency_us_mean  p99_latency_us_std  p99_latency_us_ci95  qps_from_avg_latency_mean  qps_from_avg_latency_std  qps_from_avg_latency_ci95  avg_ssd_pages_mean  avg_ssd_pages_std  avg_ssd_pages_ci95  avg_ssd_bytes_mean  avg_ssd_bytes_std  avg_ssd_bytes_ci95  avg_io_amplification_mean  avg_io_amplification_std  avg_io_amplification_ci95  total_migration_bytes_mean  total_migration_bytes_std  total_migration_bytes_ci95  migration_bytes_per_query_mean  migration_bytes_per_query_std  migration_bytes_per_query_ci95  avg_migrated_clusters_per_rebalance_mean  avg_migrated_clusters_per_rebalance_std  avg_migrated_clusters_per_rebalance_ci95  total_migration_time_us_mean  total_migration_time_us_std  total_migration_time_us_ci95  migration_time_us_per_query_mean  migration_time_us_per_query_std  migration_time_us_per_query_ci95  num_seeds
      1           0.05  1000000.0     all_dram        14.904324        0.517925         0.586087          0.567367         0.011007          0.012456            15.104324            0.517925             0.586087            15.104324            0.517925             0.586087            15.104324            0.517925             0.586087            15.104324            0.517925             0.586087               66257.156541               2228.794806                2522.118751            0.000000           0.000000            0.000000        0.000000e+00           0.000000            0.000000                   0.000000                  0.000000                   0.000000                0.000000e+00               0.000000e+00                0.000000e+00                        0.000000                       0.000000                        0.000000                                  0.000000                             0.000000e+00                              0.000000e+00                      0.000000                     0.000000                      0.000000                          0.000000                         0.000000                          0.000000          3
      1           0.05  5000000.0     all_dram        14.904324        0.517925         0.586087          0.567367         0.011007          0.012456            15.104324            0.517925             0.586087            15.104324            0.517925             0.586087            15.104324            0.517925             0.586087            15.104324            0.517925             0.586087               66257.156541               2228.794806                2522.118751            0.000000           0.000000            0.000000        0.000000e+00           0.000000            0.000000                   0.000000                  0.000000                   0.000000                0.000000e+00               0.000000e+00                0.000000e+00                        0.000000                       0.000000                        0.000000                                  0.000000                             0.000000e+00                              0.000000e+00                      0.000000                     0.000000                      0.000000                          0.000000                         0.000000                          0.000000          3
      1           0.05 10000000.0     all_dram        14.904324        0.517925         0.586087          0.567367         0.011007          0.012456            15.104324            0.517925             0.586087            15.104324            0.517925             0.586087            15.104324            0.517925             0.586087            15.104324            0.517925             0.586087               66257.156541               2228.794806                2522.118751            0.000000           0.000000            0.000000        0.000000e+00           0.000000            0.000000                   0.000000                  0.000000                   0.000000                0.000000e+00               0.000000e+00                0.000000e+00                        0.000000                       0.000000                        0.000000                                  0.000000                             0.000000e+00                              0.000000e+00                      0.000000                     0.000000                      0.000000                          0.000000                         0.000000                          0.000000          3
      2           0.05  1000000.0     all_dram        36.579046       11.220539        12.697235          0.764100         0.012780          0.014462            36.979046           11.220539            12.697235            36.979046           11.220539            12.697235            36.979046           11.220539            12.697235            36.979046           11.220539            12.697235               28556.361184               7506.970598                8494.936931            0.000000           0.000000            0.000000        0.000000e+00           0.000000            0.000000                   0.000000                  0.000000                   0.000000                0.000000e+00               0.000000e+00                0.000000e+00                        0.000000                       0.000000                        0.000000                                  0.000000                             0.000000e+00                              0.000000e+00                      0.000000                     0.000000                      0.000000                          0.000000                         0.000000                          0.000000          3
      2           0.05  5000000.0     all_dram        36.579046       11.220539        12.697235          0.764100         0.012780          0.014462            36.979046           11.220539            12.697235            36.979046           11.220539            12.697235            36.979046           11.220539            12.697235            36.979046           11.220539            12.697235               28556.361184               7506.970598                8494.936931            0.000000           0.000000            0.000000        0.000000e+00           0.000000            0.000000                   0.000000                  0.000000                   0.000000                0.000000e+00               0.000000e+00                0.000000e+00                        0.000000                       0.000000                        0.000000                                  0.000000                             0.000000e+00                              0.000000e+00                      0.000000                     0.000000                      0.000000                          0.000000                         0.000000                          0.000000          3
      2           0.05 10000000.0     all_dram        36.579046       11.220539        12.697235          0.764100         0.012780          0.014462            36.979046           11.220539            12.697235            36.979046           11.220539            12.697235            36.979046           11.220539            12.697235            36.979046           11.220539            12.697235               28556.361184               7506.970598                8494.936931            0.000000           0.000000            0.000000        0.000000e+00           0.000000            0.000000                   0.000000                  0.000000                   0.000000                0.000000e+00               0.000000e+00                0.000000e+00                        0.000000                       0.000000                        0.000000                                  0.000000                             0.000000e+00                              0.000000e+00                      0.000000                     0.000000                      0.000000                          0.000000                         0.000000                          0.000000          3
      4           0.05  5000000.0     all_dram        62.150935        5.861042         6.632394          0.909333         0.004508          0.005101            62.950935            5.861042             6.632394            62.950935            5.861042             6.632394            62.950935            5.861042             6.632394            62.950935            5.861042             6.632394               15982.990965               1572.483472                1779.432561            0.000000           0.000000            0.000000        0.000000e+00           0.000000            0.000000                   0.000000                  0.000000                   0.000000                0.000000e+00               0.000000e+00                0.000000e+00                        0.000000                       0.000000                        0.000000                                  0.000000                             0.000000e+00                              0.000000e+00                      0.000000                     0.000000                      0.000000                          0.000000                         0.000000                          0.000000          3
      4           0.05  1000000.0     all_dram        62.150935        5.861042         6.632394          0.909333         0.004508          0.005101            62.950935            5.861042             6.632394            62.950935            5.861042             6.632394            62.950935            5.861042             6.632394            62.950935            5.861042             6.632394               15982.990965               1572.483472                1779.432561            0.000000           0.000000            0.000000        0.000000e+00           0.000000            0.000000                   0.000000                  0.000000                   0.000000                0.000000e+00               0.000000e+00                0.000000e+00                        0.000000                       0.000000                        0.000000                                  0.000000                             0.000000e+00                              0.000000e+00                      0.000000                     0.000000                      0.000000                          0.000000                         0.000000                          0.000000          3
      4           0.05 10000000.0     all_dram        62.150935        5.861042         6.632394          0.909333         0.004508          0.005101            62.950935            5.861042             6.632394            62.950935            5.861042             6.632394            62.950935            5.861042             6.632394            62.950935            5.861042             6.632394               15982.990965               1572.483472                1779.432561            0.000000           0.000000            0.000000        0.000000e+00           0.000000            0.000000                   0.000000                  0.000000                   0.000000                0.000000e+00               0.000000e+00                0.000000e+00                        0.000000                       0.000000                        0.000000                                  0.000000                             0.000000e+00                              0.000000e+00                      0.000000                     0.000000                      0.000000                          0.000000                         0.000000                          0.000000          3
      8           0.05  1000000.0     all_dram       112.704782       16.779694        18.988011          0.981433         0.002454          0.002777           114.304782           16.779694            18.988011           114.304782           16.779694            18.988011           114.304782           16.779694            18.988011           114.304782           16.779694            18.988011                8870.477300               1249.194902                1413.597106            0.000000           0.000000            0.000000        0.000000e+00           0.000000            0.000000                   0.000000                  0.000000                   0.000000                0.000000e+00               0.000000e+00                0.000000e+00                        0.000000                       0.000000                        0.000000                                  0.000000                             0.000000e+00                              0.000000e+00                      0.000000                     0.000000                      0.000000                          0.000000                         0.000000                          0.000000          3
      8           0.05  5000000.0     all_dram       112.704782       16.779694        18.988011          0.981433         0.002454          0.002777           114.304782           16.779694            18.988011           114.304782           16.779694            18.988011           114.304782           16.779694            18.988011           114.304782           16.779694            18.988011                8870.477300               1249.194902                1413.597106            0.000000           0.000000            0.000000        0.000000e+00           0.000000            0.000000                   0.000000                  0.000000                   0.000000                0.000000e+00               0.000000e+00                0.000000e+00                        0.000000                       0.000000                        0.000000                                  0.000000                             0.000000e+00                              0.000000e+00                      0.000000                     0.000000                      0.000000                          0.000000                         0.000000                          0.000000          3
      8           0.05 10000000.0     all_dram       112.704782       16.779694        18.988011          0.981433         0.002454          0.002777           114.304782           16.779694            18.988011           114.304782           16.779694            18.988011           114.304782           16.779694            18.988011           114.304782           16.779694            18.988011                8870.477300               1249.194902                1413.597106            0.000000           0.000000            0.000000        0.000000e+00           0.000000            0.000000                   0.000000                  0.000000                   0.000000                0.000000e+00               0.000000e+00                0.000000e+00                        0.000000                       0.000000                        0.000000                                  0.000000                             0.000000e+00                              0.000000e+00                      0.000000                     0.000000                      0.000000                          0.000000                         0.000000                          0.000000          3
     16           0.05 10000000.0     all_dram       204.390386       17.299533        19.576265          0.998833         0.000551          0.000623           207.590386           17.299533            19.576265           207.590386           17.299533            19.576265           207.590386           17.299533            19.576265           207.590386           17.299533            19.576265                4840.684950                423.134155                 478.821372            0.000000           0.000000            0.000000        0.000000e+00           0.000000            0.000000                   0.000000                  0.000000                   0.000000                0.000000e+00               0.000000e+00                0.000000e+00                        0.000000                       0.000000                        0.000000                                  0.000000                             0.000000e+00                              0.000000e+00                      0.000000                     0.000000                      0.000000                          0.000000                         0.000000                          0.000000          3
     16           0.05  5000000.0     all_dram       204.390386       17.299533        19.576265          0.998833         0.000551          0.000623           207.590386           17.299533            19.576265           207.590386           17.299533            19.576265           207.590386           17.299533            19.576265           207.590386           17.299533            19.576265                4840.684950                423.134155                 478.821372            0.000000           0.000000            0.000000        0.000000e+00           0.000000            0.000000                   0.000000                  0.000000                   0.000000                0.000000e+00               0.000000e+00                0.000000e+00                        0.000000                       0.000000                        0.000000                                  0.000000                             0.000000e+00                              0.000000e+00                      0.000000                     0.000000                      0.000000                          0.000000                         0.000000                          0.000000          3
     16           0.05  1000000.0     all_dram       204.390386       17.299533        19.576265          0.998833         0.000551          0.000623           207.590386           17.299533            19.576265           207.590386           17.299533            19.576265           207.590386           17.299533            19.576265           207.590386           17.299533            19.576265                4840.684950                423.134155                 478.821372            0.000000           0.000000            0.000000        0.000000e+00           0.000000            0.000000                   0.000000                  0.000000                   0.000000                0.000000e+00               0.000000e+00                0.000000e+00                        0.000000                       0.000000                        0.000000                                  0.000000                             0.000000e+00                              0.000000e+00                      0.000000                     0.000000                      0.000000                          0.000000                         0.000000                          0.000000          3
     32           0.05  1000000.0     all_dram       455.731702       59.686880        67.542064          0.999933         0.000058          0.000065           462.131702           59.686880            67.542064           462.131702           59.686880            67.542064           462.131702           59.686880            67.542064           462.131702           59.686880            67.542064                2187.657263                276.780075                 313.206140            0.000000           0.000000            0.000000        0.000000e+00           0.000000            0.000000                   0.000000                  0.000000                   0.000000                0.000000e+00               0.000000e+00                0.000000e+00                        0.000000                       0.000000                        0.000000                                  0.000000                             0.000000e+00                              0.000000e+00                      0.000000                     0.000000                      0.000000                          0.000000                         0.000000                          0.000000          3
     32           0.05  5000000.0     all_dram       455.731702       59.686880        67.542064          0.999933         0.000058          0.000065           462.131702           59.686880            67.542064           462.131702           59.686880            67.542064           462.131702           59.686880            67.542064           462.131702           59.686880            67.542064                2187.657263                276.780075                 313.206140            0.000000           0.000000            0.000000        0.000000e+00           0.000000            0.000000                   0.000000                  0.000000                   0.000000                0.000000e+00               0.000000e+00                0.000000e+00                        0.000000                       0.000000                        0.000000                                  0.000000                             0.000000e+00                              0.000000e+00                      0.000000                     0.000000                      0.000000                          0.000000                         0.000000                          0.000000          3
     32           0.05 10000000.0     all_dram       455.731702       59.686880        67.542064          0.999933         0.000058          0.000065           462.131702           59.686880            67.542064           462.131702           59.686880            67.542064           462.131702           59.686880            67.542064           462.131702           59.686880            67.542064                2187.657263                276.780075                 313.206140            0.000000           0.000000            0.000000        0.000000e+00           0.000000            0.000000                   0.000000                  0.000000                   0.000000                0.000000e+00               0.000000e+00                0.000000e+00                        0.000000                       0.000000                        0.000000                                  0.000000                             0.000000e+00                              0.000000e+00                      0.000000                     0.000000                      0.000000                          0.000000                         0.000000                          0.000000          3
      1           0.05 10000000.0   window_lfu        14.904324        0.517925         0.586087          0.567367         0.011007          0.012456          3977.366191           83.098458            94.034758          4081.804324          187.270583           211.916614          6647.904324          578.556987           654.698863          7760.104324          878.459809           994.070854                 251.495816                  5.252381                   5.943629          197.136667           4.133111            4.677056        8.074718e+05       16929.224041        19157.220432                 157.709333                  3.306489                   3.741645                1.550251e+07               4.154120e+06                4.700829e+06                    15502.506667                    4154.119828                     4700.829113                                  2.800000                             6.928203e-01                              7.840000e-01                  76112.000000                 20394.264037                  23078.282310                         76.112000                        20.394264                         23.078282          3
      1           0.05 10000000.0 seconds_rule        14.904324        0.517925         0.586087          0.567367         0.011007          0.012456          4013.558657           60.398832            68.347713          4095.204324          179.148328           202.725417          6647.904324          578.556987           654.698863          7760.104324          878.459809           994.070854                 249.192748                  3.718088                   4.207413          198.937333           3.017520            3.414645        8.148473e+05       12359.760822        13986.386026                 159.149867                  2.414016                   2.731716                1.671629e+07               3.984077e+06                4.508407e+06                    16716.288000                    3984.076505                     4508.406980                                  3.066667                             6.110101e-01                              6.914230e-01                  82075.000000                 19563.282949                  22137.938687                         82.075000                        19.563283                         22.137939          3
      1           0.05 10000000.0    naive_lfu        14.904324        0.517925         0.586087          0.567367         0.011007          0.012456          3977.366191           83.098458            94.034758          4081.804324          187.270583           211.916614          6647.904324          578.556987           654.698863          7760.104324          878.459809           994.070854                 251.495816                  5.252381                   5.943629          197.136667           4.133111            4.677056        8.074718e+05       16929.224041        19157.220432                 157.709333                  3.306489                   3.741645                1.550251e+07               4.154120e+06                4.700829e+06                    15502.506667                    4154.119828                     4700.829113                                  2.800000                             6.928203e-01                              7.840000e-01                  76112.000000                 20394.264037                  23078.282310                         76.112000                        20.394264                         23.078282          3
      1           0.05  5000000.0    naive_lfu        14.904324        0.517925         0.586087          0.567367         0.011007          0.012456          3997.079857           83.511761            94.502454          4102.037657          188.199740           212.968054          6680.904324          581.436222           657.957024          7798.637657          882.832832           999.019396                 250.255437                  5.226560                   5.914409          197.136667           4.133111            4.677056        8.074718e+05       16929.224041        19157.220432                 157.709333                  3.306489                   3.741645                1.550251e+07               4.154120e+06                4.700829e+06                    15502.506667                    4154.119828                     4700.829113                                  2.800000                             6.928203e-01                              7.840000e-01                  76490.666667                 20495.728037                  23193.099635                         76.490667                        20.495728                         23.193100          3
      1           0.05  5000000.0   window_lfu        14.904324        0.517925         0.586087          0.567367         0.011007          0.012456          3997.079857           83.511761            94.502454          4102.037657          188.199740           212.968054          6680.904324          581.436222           657.957024          7798.637657          882.832832           999.019396                 250.255437                  5.226560                   5.914409          197.136667           4.133111            4.677056        8.074718e+05       16929.224041        19157.220432                 157.709333                  3.306489                   3.741645                1.550251e+07               4.154120e+06                4.700829e+06                    15502.506667                    4154.119828                     4700.829113                                  2.800000                             6.928203e-01                              7.840000e-01                  76490.666667                 20495.728037                  23193.099635                         76.490667                        20.495728                         23.193100          3
      1           0.05  5000000.0 seconds_rule        14.904324        0.517925         0.586087          0.567367         0.011007          0.012456          4033.452391           60.700576            68.689168          4115.504324          180.037147           203.731211          6680.904324          581.436222           657.957024          7798.637657          882.832832           999.019396                 247.963686                  3.699894                   4.186824          198.937333           3.017520            3.414645        8.148473e+05       12359.760822        13986.386026                 159.149867                  2.414016                   2.731716                1.671629e+07               3.984077e+06                4.508407e+06                    16716.288000                    3984.076505                     4508.406980                                  3.066667                             6.110101e-01                              6.914230e-01                  82483.333333                 19660.612715                  22248.077685                         82.483333                        19.660613                         22.248078          3
      1           0.05  1000000.0 seconds_rule        14.904324        0.517925         0.586087          0.567367         0.011007          0.012456          4192.602257           63.114528            71.420812          4277.904324          187.147700           211.777559          6944.904324          604.470102           684.022313          8106.904324          917.817019          1038.607730                 238.551084                  3.560506                   4.029092          198.937333           3.017520            3.414645        8.148473e+05       12359.760822        13986.386026                 159.149867                  2.414016                   2.731716                1.671629e+07               3.984077e+06                4.508407e+06                    16716.288000                    3984.076505                     4508.406980                                  3.066667                             6.110101e-01                              6.914230e-01                  85750.000000                 20439.250842                  23129.189673                         85.750000                        20.439251                         23.129190          3
      1           0.05  1000000.0    naive_lfu        14.904324        0.517925         0.586087          0.567367         0.011007          0.012456          4154.789191           86.818190            98.244030          4263.904324          195.632998           221.379577          6944.904324          604.470102           684.022313          8106.904324          917.817019          1038.607730                 240.756147                  5.028784                   5.690605          197.136667           4.133111            4.677056        8.074718e+05       16929.224041        19157.220432                 157.709333                  3.306489                   3.741645                1.550251e+07               4.154120e+06                4.700829e+06                    15502.506667                    4154.119828                     4700.829113                                  2.800000                             6.928203e-01                              7.840000e-01                  79520.000000                 21307.440039                  24111.638234                         79.520000                        21.307440                         24.111638          3
      1           0.05  1000000.0   window_lfu        14.904324        0.517925         0.586087          0.567367         0.011007          0.012456          4154.789191           86.818190            98.244030          4263.904324          195.632998           221.379577          6944.904324          604.470102           684.022313          8106.904324          917.817019          1038.607730                 240.756147                  5.028784                   5.690605          197.136667           4.133111            4.677056        8.074718e+05       16929.224041        19157.220432                 157.709333                  3.306489                   3.741645                1.550251e+07               4.154120e+06                4.700829e+06                    15502.506667                    4154.119828                     4700.829113                                  2.800000                             6.928203e-01                              7.840000e-01                  79520.000000                 21307.440039                  24111.638234                         79.520000                        21.307440                         24.111638          3
      1           0.05 10000000.0      all_ssd        14.904324        0.517925         0.586087          0.567367         0.011007          0.012456          4491.569624           31.811054            35.997596          4316.304324          192.143962           217.431362          7076.704324          585.905869           663.014906          8745.004324          833.227847           942.886071                 222.646764                  1.576924                   1.784458          222.719667           1.559549            1.764796        9.122598e+05        6387.914345         7228.605571                 178.175733                  1.247640                   1.411837                0.000000e+00               0.000000e+00                0.000000e+00                        0.000000                       0.000000                        0.000000                                  0.000000                             0.000000e+00                              0.000000e+00                      0.000000                     0.000000                      0.000000                          0.000000                         0.000000                          0.000000          3
      1           0.05 10000000.0          lru        14.904324        0.517925         0.586087          0.567367         0.011007          0.012456          4228.919724           52.485794            59.393267          4189.004324          250.221971           283.152816          7076.704324          585.905869           663.014906          8745.004324          833.227847           942.886071                 236.491211                  2.925071                   3.310029          209.652000           2.586563            2.926971        8.587346e+05       10594.561135        11988.874538                 167.721600                  2.069250                   2.341577                2.553788e+07               6.737329e+05                7.624006e+05                    25537.877333                     673.732925                      762.400576                                  5.600000                             1.087792e-15                              1.230952e-15                 125370.400000                  3304.744013                   3739.669897                        125.370400                         3.304744                          3.739670          3
      1           0.05  5000000.0          lru        14.904324        0.517925         0.586087          0.567367         0.011007          0.012456          4249.884924           52.744449            59.685963          4209.770991          251.464281           284.558622          7111.837657          588.821916           666.314723          8788.437657          837.370712           947.574164                 235.324570                  2.910557                   3.293605          209.652000           2.586563            2.926971        8.587346e+05       10594.561135        11988.874538                 167.721600                  2.069250                   2.341577                2.553788e+07               6.737329e+05                7.624006e+05                    25537.877333                     673.732925                      762.400576                                  5.600000                             1.087792e-15                              1.230952e-15                 125994.133333                  3321.185525                   3758.275220                        125.994133                         3.321186                          3.758275          3
      1           0.05  5000000.0      all_ssd        14.904324        0.517925         0.586087          0.567367         0.011007          0.012456          4513.841591           31.967005            36.174071          4337.704324          193.097900           218.510844          7111.837657          588.821916           666.314723          8788.437657          837.370712           947.574164                 221.548191                  1.569056                   1.775554          222.719667           1.559549            1.764796        9.122598e+05        6387.914345         7228.605571                 178.175733                  1.247640                   1.411837                0.000000e+00               0.000000e+00                0.000000e+00                        0.000000                       0.000000                        0.000000                                  0.000000                             0.000000e+00                              0.000000e+00                      0.000000                     0.000000                      0.000000                          0.000000                         0.000000                          0.000000          3
      1           0.05  1000000.0          lru        14.904324        0.517925         0.586087          0.567367         0.011007          0.012456          4417.606524           54.813691            62.027531          4375.904324          261.402758           295.805068          7392.904324          612.150289           692.713263          9135.904324          870.513635           985.078912                 226.390080                  2.799431                   3.167855          209.652000           2.586563            2.926971        8.587346e+05       10594.561135        11988.874538                 167.721600                  2.069250                   2.341577                2.553788e+07               6.737329e+05                7.624006e+05                    25537.877333                     673.732925                      762.400576                                  5.600000                             1.087792e-15                              1.230952e-15                 130984.000000                  3452.717625                   3907.117803                        130.984000                         3.452718                          3.907118          3
      1           0.05  1000000.0      all_ssd        14.904324        0.517925         0.586087          0.567367         0.011007          0.012456          4692.017324           33.214613            37.585873          4508.904324          200.729403           227.146703          7392.904324          612.150289           692.713263          9135.904324          870.513635           985.078912                 213.135063                  1.508831                   1.707403          222.719667           1.559549            1.764796        9.122598e+05        6387.914345         7228.605571                 178.175733                  1.247640                   1.411837                0.000000e+00               0.000000e+00                0.000000e+00                        0.000000                       0.000000                        0.000000                                  0.000000                             0.000000e+00                              0.000000e+00                      0.000000                     0.000000                      0.000000                          0.000000                         0.000000                          0.000000          3
      2           0.05 10000000.0   window_lfu        36.579046       11.220539        12.697235          0.764100         0.012780          0.014462          7911.130313          118.887303           134.533648          7952.695713          170.757639           193.230459         11349.529046          576.770186           652.676908         14101.353046          341.855702           386.846144                 126.423252                  1.903012                   2.153460          391.767333           5.503418            6.227704        1.604679e+06       22541.999626        25508.673922                 313.413867                  4.402734                   4.982163                1.217485e+07               4.500809e+06                5.093145e+06                    12174.848000                    4500.809322                     5093.145209                                  2.266667                             8.326664e-01                              9.422507e-01                  59770.700000                 22105.854748                  25015.129531                         59.770700                        22.105855                         25.015130          3
      2           0.05 10000000.0    naive_lfu        36.579046       11.220539        12.697235          0.764100         0.012780          0.014462          7911.130313          118.887303           134.533648          7952.695713          170.757639           193.230459         11349.529046          576.770186           652.676908         14101.353046          341.855702           386.846144                 126.423252                  1.903012                   2.153460          391.767333           5.503418            6.227704        1.604679e+06       22541.999626        25508.673922                 313.413867                  4.402734                   4.982163                1.217485e+07               4.500809e+06                5.093145e+06                    12174.848000                    4500.809322                     5093.145209                                  2.266667                             8.326664e-01                              9.422507e-01                  59770.700000                 22105.854748                  25015.129531                         59.770700                        22.105855                         25.015130          3
      2           0.05 10000000.0 seconds_rule        36.579046       11.220539        12.697235          0.764100         0.012780          0.014462          7889.422579          128.346644           145.237901          7949.279046          163.931272           185.505698         11393.079046          773.851310           875.695194         14014.253046          472.866276           535.098565                 126.774478                  2.073716                   2.346631          390.687333           6.033035            6.827022        1.600255e+06       24711.310349        27963.480097                 312.549867                  4.826428                   5.461617                1.171166e+07               3.418761e+06                3.868692e+06                    11711.658667                    3418.760809                     3868.692048                                  2.133333                             6.110101e-01                              6.914230e-01                  57492.700000                 16792.540559                  19002.548512                         57.492700                        16.792541                         19.002549          3
      2           0.05  5000000.0    naive_lfu        36.579046       11.220539        12.697235          0.764100         0.012780          0.014462          7950.307046          119.436446           135.155062          7992.079046          171.657758           194.249040         11405.812379          579.595026           655.873514         14171.327046          343.568793           388.784688                 125.800264                  1.893020                   2.142154          391.767333           5.503418            6.227704        1.604679e+06       22541.999626        25508.673922                 313.413867                  4.402734                   4.982163                1.217485e+07               4.500809e+06                5.093145e+06                    12174.848000                    4500.809322                     5093.145209                                  2.266667                             8.326664e-01                              9.422507e-01                  60068.066667                 22215.834125                  25139.582912                         60.068067                        22.215834                         25.139583          3
      2           0.05  5000000.0   window_lfu        36.579046       11.220539        12.697235          0.764100         0.012780          0.014462          7950.307046          119.436446           135.155062          7992.079046          171.657758           194.249040         11405.812379          579.595026           655.873514         14171.327046          343.568793           388.784688                 125.800264                  1.893020                   2.142154          391.767333           5.503418            6.227704        1.604679e+06       22541.999626        25508.673922                 313.413867                  4.402734                   4.982163                1.217485e+07               4.500809e+06                5.093145e+06                    12174.848000                    4500.809322                     5093.145209                                  2.266667                             8.326664e-01                              9.422507e-01                  60068.066667                 22215.834125                  25139.582912                         60.068067                        22.215834                         25.139583          3
      2           0.05  5000000.0 seconds_rule        36.579046       11.220539        12.697235          0.764100         0.012780          0.014462          7928.491313          128.948487           145.918950          7988.645713          164.792864           186.480680         11449.579046          777.655127           879.999618         14083.793713          475.220860           537.763027                 126.149768                  2.062970                   2.334470          390.687333           6.033035            6.827022        1.600255e+06       24711.310349        27963.480097                 312.549867                  4.826428                   5.461617                1.171166e+07               3.418761e+06                3.868692e+06                    11711.658667                    3418.760809                     3868.692048                                  2.133333                             6.110101e-01                              6.914230e-01                  57778.733333                 16876.085537                  19097.088554                         57.778733                        16.876086                         19.097089          3
      2           0.05  1000000.0   window_lfu        36.579046       11.220539        12.697235          0.764100         0.012780          0.014462          8263.720913          123.829980           140.126813          8307.145713          178.858836           202.397826         11856.079046          602.193807           681.446443         14731.119046          357.273812           404.293377                 121.029011                  1.816704                   2.055794          391.767333           5.503418            6.227704        1.604679e+06       22541.999626        25508.673922                 313.413867                  4.402734                   4.982163                1.217485e+07               4.500809e+06                5.093145e+06                    12174.848000                    4500.809322                     5093.145209                                  2.266667                             8.326664e-01                              9.422507e-01                  62447.000000                 23095.669139                  26135.209958                         62.447000                        23.095669                         26.135210          3
      2           0.05  1000000.0    naive_lfu        36.579046       11.220539        12.697235          0.764100         0.012780          0.014462          8263.720913          123.829980           140.126813          8307.145713          178.858836           202.397826         11856.079046          602.193807           681.446443         14731.119046          357.273812           404.293377                 121.029011                  1.816704                   2.055794          391.767333           5.503418            6.227704        1.604679e+06       22541.999626        25508.673922                 313.413867                  4.402734                   4.982163                1.217485e+07               4.500809e+06                5.093145e+06                    12174.848000                    4500.809322                     5093.145209                                  2.266667                             8.326664e-01                              9.422507e-01                  62447.000000                 23095.669139                  26135.209958                         62.447000                        23.095669                         26.135210          3
      2           0.05  1000000.0 seconds_rule        36.579046       11.220539        12.697235          0.764100         0.012780          0.014462          8241.041179          133.763702           151.367879          8303.579046          171.685801           194.280773         11901.579046          808.085705           914.435059         14640.119046          494.057756           559.078981                 121.365325                  1.980849                   2.241542          390.687333           6.033035            6.827022        1.600255e+06       24711.310349        27963.480097                 312.549867                  4.826428                   5.461617                1.171166e+07               3.418761e+06                3.868692e+06                    11711.658667                    3418.760809                     3868.692048                                  2.133333                             6.110101e-01                              6.914230e-01                  60067.000000                 17544.445360                  19853.408893                         60.067000                        17.544445                         19.853409          3
      2           0.05 10000000.0          lru        36.579046       11.220539        12.697235          0.764100         0.012780          0.014462          8322.009779          142.885467           161.690127          8270.879046          260.271271           294.524670         13329.379046         1091.419885          1235.057867         15667.679046          968.946163          1096.465803                 120.187077                  2.078910                   2.352508          412.209333           6.788331            7.681720        1.688409e+06       27805.003344        31464.323284                 329.767467                  5.430665                   6.145376                2.381875e+07               2.257828e+06                2.554972e+06                    23818.752000                    2257.827525                     2554.972365                                  5.733333                             4.618802e-01                              5.226667e-01                 116935.100000                 11074.668322                  12532.166964                        116.935100                        11.074668                         12.532167          3
      2           0.05  5000000.0          lru        36.579046       11.220539        12.697235          0.764100         0.012780          0.014462          8363.230713          143.562838           162.456644          8311.845713          261.598399           296.026456         13395.512379         1096.850377          1241.203046         15745.445713          973.758678          1101.911676                 119.594685                  2.068235                   2.340428          412.209333           6.788331            7.681720        1.688409e+06       27805.003344        31464.323284                 329.767467                  5.430665                   6.145376                2.381875e+07               2.257828e+06                2.554972e+06                    23818.752000                    2257.827525                     2554.972365                                  5.733333                             4.618802e-01                              5.226667e-01                 117516.866667                 11129.766174                  12594.516054                        117.516867                        11.129766                         12.594516          3
      2           0.05 10000000.0      all_ssd        36.579046       11.220539        12.697235          0.764100         0.012780          0.014462          8845.249946           58.474306            66.169907          8719.779046          185.660069           210.094146         13664.379046          720.744448           815.599123         15667.679046          968.946163          1096.465803                 113.058337                  0.750252                   0.848990          438.242333           2.720743            3.078810        1.795041e+06       11144.162471        12610.806997                 350.593867                  2.176594                   2.463048                0.000000e+00               0.000000e+00                0.000000e+00                        0.000000                       0.000000                        0.000000                                  0.000000                             0.000000e+00                              0.000000e+00                      0.000000                     0.000000                      0.000000                          0.000000                         0.000000                          0.000000          3
      2           0.05  5000000.0      all_ssd        36.579046       11.220539        12.697235          0.764100         0.012780          0.014462          8889.074179           58.741657            66.472442          8762.979046          186.612823           211.172289         13732.179046          724.349621           819.678760         15745.445713          973.758678          1101.911676                 112.500943                  0.746269                   0.844482          438.242333           2.720743            3.078810        1.795041e+06       11144.162471        12610.806997                 350.593867                  2.176594                   2.463048                0.000000e+00               0.000000e+00                0.000000e+00                        0.000000                       0.000000                        0.000000                                  0.000000                             0.000000e+00                              0.000000e+00                      0.000000                     0.000000                      0.000000                          0.000000                         0.000000                          0.000000          3
      2           0.05  1000000.0          lru        36.579046       11.220539        12.697235          0.764100         0.012780          0.014462          8692.998179          148.982283           168.589324          8639.579046          272.215691           308.041053         13924.579046         1140.294403          1290.364589         16367.579046         1012.258904          1145.478783                 115.057807                  1.986626                   2.248079          412.209333           6.788331            7.681720        1.688409e+06       27805.003344        31464.323284                 329.767467                  5.430665                   6.145376                2.381875e+07               2.257828e+06                2.554972e+06                    23818.752000                    2257.827525                     2554.972365                                  5.733333                             4.618802e-01                              5.226667e-01                 122171.000000                 11570.548993                  13093.308769                        122.171000                        11.570549                         13.093309          3
      2           0.05  1000000.0      all_ssd        36.579046       11.220539        12.697235          0.764100         0.012780          0.014462          9239.668046           60.881966            68.894430          9108.579046          194.235274           219.797904         14274.579046          753.191136           852.316006         16367.579046         1012.258904          1145.478783                 108.232141                  0.715874                   0.810088          438.242333           2.720743            3.078810        1.795041e+06       11144.162471        12610.806997                 350.593867                  2.176594                   2.463048                0.000000e+00               0.000000e+00                0.000000e+00                        0.000000                       0.000000                        0.000000                                  0.000000                             0.000000e+00                              0.000000e+00                      0.000000                     0.000000                      0.000000                          0.000000                         0.000000                          0.000000          3
      4           0.05 10000000.0    naive_lfu        62.150935        5.861042         6.632394          0.909333         0.004508          0.005101         15499.193169           68.510865            77.527343         15170.717602          190.828527           215.942807         21069.665935          887.215013          1003.978300         25020.387935         1195.426993          1352.752989                  64.520326                  0.284547                   0.321995          768.009000           3.229207            3.654192        3.145765e+06       13226.833870        14967.571547                 614.407200                  2.583366                   2.923354                1.011302e+07               4.410011e+06                4.990397e+06                    10113.024000                    4410.010911                     4990.397134                                  1.733333                             6.110101e-01                              6.914230e-01                  49647.000000                 21649.976760                  24499.255025                         49.647000                        21.649977                         24.499255          3
      4           0.05 10000000.0   window_lfu        62.150935        5.861042         6.632394          0.909333         0.004508          0.005101         15499.193169           68.510865            77.527343         15170.717602          190.828527           215.942807         21069.665935          887.215013          1003.978300         25020.387935         1195.426993          1352.752989                  64.520326                  0.284547                   0.321995          768.009000           3.229207            3.654192        3.145765e+06       13226.833870        14967.571547                 614.407200                  2.583366                   2.923354                1.011302e+07               4.410011e+06                4.990397e+06                    10113.024000                    4410.010911                     4990.397134                                  1.733333                             6.110101e-01                              6.914230e-01                  49647.000000                 21649.976760                  24499.255025                         49.647000                        21.649977                         24.499255          3
      4           0.05 10000000.0 seconds_rule        62.150935        5.861042         6.632394          0.909333         0.004508          0.005101         15513.618202          129.631031           146.691320         15230.984269          104.337397           118.068880         21154.755935          793.881757           898.361779         25000.488935         1228.851852          1390.576777                  64.462482                  0.536139                   0.606698          768.726667           6.324780            7.157162        3.148704e+06       25906.298648        29315.736657                 614.981333                  5.059824                   5.725730                1.516732e+07               4.542874e+06                5.140746e+06                    15167.317333                    4542.874220                     5140.746122                                  2.533333                             6.110101e-01                              6.914230e-01                  74463.800000                 22305.859723                  25241.456467                         74.463800                        22.305860                         25.241456          3
      4           0.05  5000000.0    naive_lfu        62.150935        5.861042         6.632394          0.909333         0.004508          0.005101         15575.994069           68.833015            77.891889         15245.884269          191.778512           217.017816         21174.180935          891.631571          1008.976106         25144.558269         1201.394327          1359.505663                  64.202194                  0.283072                   0.320327          768.009000           3.229207            3.654192        3.145765e+06       13226.833870        14967.571547                 614.407200                  2.583366                   2.923354                1.011302e+07               4.410011e+06                4.990397e+06                    10113.024000                    4410.010911                     4990.397134                                  1.733333                             6.110101e-01                              6.914230e-01                  49894.000000                 21757.688088                  24621.141866                         49.894000                        21.757688                         24.621142          3
      4           0.05  5000000.0   window_lfu        62.150935        5.861042         6.632394          0.909333         0.004508          0.005101         15575.994069           68.833015            77.891889         15245.884269          191.778512           217.017816         21174.180935          891.631571          1008.976106         25144.558269         1201.394327          1359.505663                  64.202194                  0.283072                   0.320327          768.009000           3.229207            3.654192        3.145765e+06       13226.833870        14967.571547                 614.407200                  2.583366                   2.923354                1.011302e+07               4.410011e+06                4.990397e+06                    10113.024000                    4410.010911                     4990.397134                                  1.733333                             6.110101e-01                              6.914230e-01                  49894.000000                 21757.688088                  24621.141866                         49.894000                        21.757688                         24.621142          3
      4           0.05  5000000.0 seconds_rule        62.150935        5.861042         6.632394          0.909333         0.004508          0.005101         15590.490869          130.262973           147.406430         15306.450935          104.842543           118.640506         21259.694269          797.831632           902.831483         25124.560269         1234.985330          1397.517461                  64.144634                  0.533453                   0.603659          768.726667           6.324780            7.157162        3.148704e+06       25906.298648        29315.736657                 614.981333                  5.059824                   5.725730                1.516732e+07               4.542874e+06                5.140746e+06                    15167.317333                    4542.874220                     5140.746122                                  2.533333                             6.110101e-01                              6.914230e-01                  74834.266667                 22416.834150                  25367.035852                         74.834267                        22.416834                         25.367036          3
      4           0.05  1000000.0    naive_lfu        62.150935        5.861042         6.632394          0.909333         0.004508          0.005101         16190.401269           71.410460            80.808543         15847.217602          199.378545           225.618063         22010.300935          926.964068          1048.958590         26137.920935         1249.133010          1413.527068                  61.765791                  0.271805                   0.307576          768.009000           3.229207            3.654192        3.145765e+06       13226.833870        14967.571547                 614.407200                  2.583366                   2.923354                1.011302e+07               4.410011e+06                4.990397e+06                    10113.024000                    4410.010911                     4990.397134                                  1.733333                             6.110101e-01                              6.914230e-01                  51870.000000                 22619.378705                  25596.236593                         51.870000                        22.619379                         25.596237          3
      4           0.05  1000000.0   window_lfu        62.150935        5.861042         6.632394          0.909333         0.004508          0.005101         16190.401269           71.410460            80.808543         15847.217602          199.378545           225.618063         22010.300935          926.964068          1048.958590         26137.920935         1249.133010          1413.527068                  61.765791                  0.271805                   0.307576          768.009000           3.229207            3.654192        3.145765e+06       13226.833870        14967.571547                 614.407200                  2.583366                   2.923354                1.011302e+07               4.410011e+06                4.990397e+06                    10113.024000                    4410.010911                     4990.397134                                  1.733333                             6.110101e-01                              6.914230e-01                  51870.000000                 22619.378705                  25596.236593                         51.870000                        22.619379                         25.596237          3
      4           0.05  1000000.0 seconds_rule        62.150935        5.861042         6.632394          0.909333         0.004508          0.005101         16205.472202          135.318689           153.127512         15910.184269          108.883926           123.213762         22099.200935          829.430669           938.589159         26117.130935         1284.053171          1453.042950                  61.710406                  0.512900                   0.580401          768.726667           6.324780            7.157162        3.148704e+06       25906.298648        29315.736657                 614.981333                  5.059824                   5.725730                1.516732e+07               4.542874e+06                5.140746e+06                    15167.317333                    4542.874220                     5140.746122                                  2.533333                             6.110101e-01                              6.914230e-01                  77798.000000                 23304.629562                  26371.670935                         77.798000                        23.304630                         26.371671          3
      4           0.05 10000000.0          lru        62.150935        5.861042         6.632394          0.909333         0.004508          0.005101         16588.627069          541.562609           612.835784         16497.250935          613.304323           694.019175         24676.945935         1684.970091          1906.723154         26647.750935         1876.260779          2123.188945                  60.325947                  2.007088                   2.271234          822.210667          27.093825           30.659550        3.367775e+06      110976.308652       125581.515280                 657.768533                 21.675060                  24.527640                2.312363e+07               3.046803e+06                3.447782e+06                    23123.626667                    3046.802790                     3447.781925                                  5.733333                             2.309401e-01                              2.613333e-01                 113524.800000                 14956.844760                  16925.263163                        113.524800                        14.956845                         16.925263          3
      4           0.05  5000000.0          lru        62.150935        5.861042         6.632394          0.909333         0.004508          0.005101         16670.848135          544.271876           615.901608         16579.017602          616.380949           697.500705         24799.407602         1693.372170          1916.231001         26780.017602         1885.607577          2133.765842                  60.028422                  1.997283                   2.260138          822.210667          27.093825           30.659550        3.367775e+06      110976.308652       125581.515280                 657.768533                 21.675060                  24.527640                2.312363e+07               3.046803e+06                3.447782e+06                    23123.626667                    3046.802790                     3447.781925                                  5.733333                             2.309401e-01                              2.613333e-01                 114089.600000                 15031.256923                  17009.468452                        114.089600                        15.031257                         17.009468          3
      4           0.05 10000000.0      all_ssd        62.150935        5.861042         6.632394          0.909333         0.004508          0.005101         17472.275135          281.976130           319.086029         17381.650935          529.438623           599.116201         24952.985935         1261.084899          1427.051903         26822.821935         1573.977026          1781.122676                  57.243556                  0.931761                   1.054387          866.175333          14.205628           16.075181        3.547854e+06       58186.250768        65843.941187                 692.940267                 11.364502                  12.860145                0.000000e+00               0.000000e+00                0.000000e+00                        0.000000                       0.000000                        0.000000                                  0.000000                             0.000000e+00                              0.000000e+00                      0.000000                     0.000000                      0.000000                          0.000000                         0.000000                          0.000000          3
      4           0.05  5000000.0      all_ssd        62.150935        5.861042         6.632394          0.909333         0.004508          0.005101         17558.892669          283.396502           320.693332         17467.817602          532.096261           602.123602         25076.820935         1267.379997          1434.175478         26955.959602         1581.819554          1789.997333                  56.961176                  0.927238                   1.049268          866.175333          14.205628           16.075181        3.547854e+06       58186.250768        65843.941187                 692.940267                 11.364502                  12.860145                0.000000e+00               0.000000e+00                0.000000e+00                        0.000000                       0.000000                        0.000000                                  0.000000                             0.000000e+00                              0.000000e+00                      0.000000                     0.000000                      0.000000                          0.000000                         0.000000                          0.000000          3
      4           0.05  1000000.0          lru        62.150935        5.861042         6.632394          0.909333         0.004508          0.005101         17328.616669          565.946054           640.428249         17233.150935          640.993968           725.352959         25779.100935         1760.588810          1992.293790         27838.150935         1960.381974          2218.381039                  57.749862                  1.922156                   2.175124          822.210667          27.093825           30.659550        3.367775e+06      110976.308652       125581.515280                 657.768533                 21.675060                  24.527640                2.312363e+07               3.046803e+06                3.447782e+06                    23123.626667                    3046.802790                     3447.781925                                  5.733333                             2.309401e-01                              2.613333e-01                 118608.000000                 15626.554227                  17683.110767                        118.608000                        15.626554                         17.683111          3
      4           0.05  1000000.0      all_ssd        62.150935        5.861042         6.632394          0.909333         0.004508          0.005101         18251.832935          294.759546           333.551827         18157.150935          553.357388           626.182832         26067.500935         1317.740799          1491.164090         28021.060935         1644.559795          1860.994599                  54.798628                  0.892576                   1.010045          866.175333          14.205628           16.075181        3.547854e+06       58186.250768        65843.941187                 692.940267                 11.364502                  12.860145                0.000000e+00               0.000000e+00                0.000000e+00                        0.000000                       0.000000                        0.000000                                  0.000000                             0.000000e+00                              0.000000e+00                      0.000000                     0.000000                      0.000000                          0.000000                         0.000000                          0.000000          3
      8           0.05 10000000.0    naive_lfu       112.704782       16.779694        18.988011          0.981433         0.002454          0.002777         30455.533216          192.558151           217.900061         30078.788116          210.150225           237.807367         39503.813116         2149.435140          2432.314835         45352.243782         3400.008997          3847.472375                  32.835634                  0.208297                   0.235710         1509.587000           9.070216           10.263915        6.183268e+06       37151.603091        42040.996569                1207.669600                  7.256172                   8.211132                8.253269e+06               1.617520e+06                1.830396e+06                     8253.269333                    1617.519532                     1830.395661                                  1.600000                             4.000000e-01                              4.526426e-01                  40521.600000                  7956.884006                   9004.061881                         40.521600                         7.956884                          9.004062          3
      8           0.05 10000000.0   window_lfu       112.704782       16.779694        18.988011          0.981433         0.002454          0.002777         30455.533216          192.558151           217.900061         30078.788116          210.150225           237.807367         39503.813116         2149.435140          2432.314835         45352.243782         3400.008997          3847.472375                  32.835634                  0.208297                   0.235710         1509.587000           9.070216           10.263915        6.183268e+06       37151.603091        42040.996569                1207.669600                  7.256172                   8.211132                7.570432e+06               1.030699e+06                1.166346e+06                     7570.432000                    1030.699238                     1166.345986                                  1.466667                             2.309401e-01                              2.613333e-01                  37164.900000                  5065.957681                   5732.670781                         37.164900                         5.065958                          5.732671          3
      8           0.05  5000000.0   window_lfu       112.704782       16.779694        18.988011          0.981433         0.002454          0.002777         30606.491916          193.462901           218.923882         30227.871449          211.224804           239.023367         39699.788116         2160.068087          2444.347148         45577.316116         3416.876604          3866.559869                  32.673680                  0.207216                   0.234487         1509.587000           9.070216           10.263915        6.183268e+06       37151.603091        42040.996569                1207.669600                  7.256172                   8.211132                7.570432e+06               1.030699e+06                1.166346e+06                     7570.432000                    1030.699238                     1166.345986                                  1.466667                             2.309401e-01                              2.613333e-01                  37349.800000                  5091.161451                   5761.191531                         37.349800                         5.091161                          5.761192          3
      8           0.05  5000000.0    naive_lfu       112.704782       16.779694        18.988011          0.981433         0.002454          0.002777         30606.491916          193.462901           218.923882         30227.871449          211.224804           239.023367         39699.788116         2160.068087          2444.347148         45577.316116         3416.876604          3866.559869                  32.673680                  0.207216                   0.234487         1509.587000           9.070216           10.263915        6.183268e+06       37151.603091        42040.996569                1207.669600                  7.256172                   8.211132                8.253269e+06               1.617520e+06                1.830396e+06                     8253.269333                    1617.519532                     1830.395661                                  1.600000                             4.000000e-01                              4.526426e-01                  40723.200000                  7996.470494                   9048.858209                         40.723200                         7.996470                          9.048858          3
      8           0.05  1000000.0    naive_lfu       112.704782       16.779694        18.988011          0.981433         0.002454          0.002777         31814.161516          200.701640           227.115286         31420.538116          219.822431           248.752498         41267.588116         2245.131720          2540.605709         47377.894782         3551.817504          4019.259873                  31.433380                  0.198955                   0.225138         1509.587000           9.070216           10.263915        6.183268e+06       37151.603091        42040.996569                1207.669600                  7.256172                   8.211132                8.253269e+06               1.617520e+06                1.830396e+06                     8253.269333                    1617.519532                     1830.395661                                  1.600000                             4.000000e-01                              4.526426e-01                  42336.000000                  8313.162395                   9407.228831                         42.336000                         8.313162                          9.407229          3
      8           0.05  1000000.0   window_lfu       112.704782       16.779694        18.988011          0.981433         0.002454          0.002777         31814.161516          200.701640           227.115286         31420.538116          219.822431           248.752498         41267.588116         2245.131720          2540.605709         47377.894782         3551.817504          4019.259873                  31.433380                  0.198955                   0.225138         1509.587000           9.070216           10.263915        6.183268e+06       37151.603091        42040.996569                1207.669600                  7.256172                   8.211132                7.570432e+06               1.030699e+06                1.166346e+06                     7570.432000                    1030.699238                     1166.345986                                  1.466667                             2.309401e-01                              2.613333e-01                  38829.000000                  5292.791607                   5989.357532                         38.829000                         5.292792                          5.989358          3
      8           0.05 10000000.0 seconds_rule       112.704782       16.779694        18.988011          0.981433         0.002454          0.002777         31041.012882          539.497746           610.499172         30366.721449          359.346727           406.639102         41945.223116         3585.363767          4057.221043         45780.440782         3363.887520          3806.597075                  32.221998                  0.565693                   0.640141         1538.715667          26.217089           29.667429        6.302579e+06      107385.196911       121517.789793                1230.972533                 20.973671                  23.733943                1.946812e+07               2.464331e+06                2.788653e+06                    19468.117333                    2464.331279                     2788.653362                                  3.733333                             2.309401e-01                              2.613333e-01                  95575.500000                 12091.666177                  13683.008375                         95.575500                        12.091666                         13.683008          3
      8           0.05  5000000.0 seconds_rule       112.704782       16.779694        18.988011          0.981433         0.002454          0.002777         31194.884449          542.118884           613.465268         30517.238116          361.150676           408.680463         42153.344782         3603.140770          4077.337616         46007.643449         3380.573117          3825.478607                  32.063059                  0.562847                   0.636921         1538.715667          26.217089           29.667429        6.302579e+06      107385.196911       121517.789793                1230.972533                 20.973671                  23.733943                1.946812e+07               2.464331e+06                2.788653e+06                    19468.117333                    2464.331279                     2788.653362                                  3.733333                             2.309401e-01                              2.613333e-01                  96051.000000                 12151.823720                  13751.083044                         96.051000                        12.151824                         13.751083          3
      8           0.05  1000000.0 seconds_rule       112.704782       16.779694        18.988011          0.981433         0.002454          0.002777         32425.856982          563.088176           637.194256         31721.371449          375.582903           425.012064         43818.318116         3745.356829          4238.270236         47825.264782         3514.057946          3976.530910                  30.845850                  0.541069                   0.612277         1538.715667          26.217089           29.667429        6.302579e+06      107385.196911       121517.789793                1230.972533                 20.973671                  23.733943                1.946812e+07               2.464331e+06                2.788653e+06                    19468.117333                    2464.331279                     2788.653362                                  3.733333                             2.309401e-01                              2.613333e-01                  99855.000000                 12633.084065                  14295.680392                         99.855000                        12.633084                         14.295680          3
      8           0.05 10000000.0          lru       112.704782       16.779694        18.988011          0.981433         0.002454          0.002777         32495.864316         1202.645898          1360.921949         31750.404782          936.008915          1059.193798         44802.374782         3417.112398          3866.826695         46491.444782         2805.672459          3174.917269                  30.801873                  1.164295                   1.317524         1611.098000          59.257954           67.056688        6.599057e+06      242720.581476       274664.194384                1288.878400                 47.406364                  53.645350                2.265839e+07               3.754401e+06                4.248505e+06                    22658.389333                    3754.401472                     4248.505213                                  5.333333                             2.309401e-01                              2.613333e-01                 111240.100000                 18432.635200                  20858.490313                        111.240100                        18.432635                         20.858490          3
      8           0.05  5000000.0          lru       112.704782       16.779694        18.988011          0.981433         0.002454          0.002777         32656.974116         1208.571389          1367.627273         31907.804782          940.624621          1064.416961         45024.711449         3434.062181          3886.007180         46722.184782         2819.579064          3190.654074                  30.649913                  1.158514                   1.310982         1611.098000          59.257954           67.056688        6.599057e+06      242720.581476       274664.194384                1288.878400                 47.406364                  53.645350                2.265839e+07               3.754401e+06                4.248505e+06                    22658.389333                    3754.401472                     4248.505213                                  5.333333                             2.309401e-01                              2.613333e-01                 111793.533333                 18524.339853                  20962.263897                        111.793533                        18.524340                         20.962264          3
      8           0.05 10000000.0      all_ssd       112.704782       16.779694        18.988011          0.981433         0.002454          0.002777         34426.821782          912.245300          1032.302737         33230.804782          679.663321           769.111450         45299.179782         2966.075975          3356.430935         46745.575782         2373.519548          2685.890214                  29.060933                  0.781950                   0.884860         1707.170000          44.748225           50.637384        6.992568e+06      183288.730852       207410.724269                1365.736000                 35.798580                  40.509907                0.000000e+00               0.000000e+00                0.000000e+00                        0.000000                       0.000000                        0.000000                                  0.000000                             0.000000e+00                              0.000000e+00                      0.000000                     0.000000                      0.000000                          0.000000                         0.000000                          0.000000          3
      8           0.05  5000000.0      all_ssd       112.704782       16.779694        18.988011          0.981433         0.002454          0.002777         34597.538782          916.719804          1037.366114         33395.571449          682.998146           772.885160         45523.988116         2980.785597          3373.076439         46977.580116         2385.278160          2699.196336                  28.917534                  0.778049                   0.880446         1707.170000          44.748225           50.637384        6.992568e+06      183288.730852       207410.724269                1365.736000                 35.798580                  40.509907                0.000000e+00               0.000000e+00                0.000000e+00                        0.000000                       0.000000                        0.000000                                  0.000000                             0.000000e+00                              0.000000e+00                      0.000000                     0.000000                      0.000000                          0.000000                         0.000000                          0.000000          3
      8           0.05  1000000.0          lru       112.704782       16.779694        18.988011          0.981433         0.002454          0.002777         33945.852516         1255.975419          1421.269982         33167.004782          977.550465          1106.202488         46803.404782         3569.660488          4039.451110         48568.104782         2930.831955          3316.548571                  29.486164                  1.114253                   1.260896         1611.098000          59.257954           67.056688        6.599057e+06      242720.581476       274664.194384                1288.878400                 47.406364                  53.645350                2.265839e+07               3.754401e+06                4.248505e+06                    22658.389333                    3754.401472                     4248.505213                                  5.333333                             2.309401e-01                              2.613333e-01                 116221.000000                 19257.977074                  21792.452566                        116.221000                        19.257977                         21.792453          3
      8           0.05  1000000.0      all_ssd       112.704782       16.779694        18.988011          0.981433         0.002454          0.002777         35963.274782          952.515940          1077.873255         34713.704782          709.676988           803.075112         47322.454782         3098.462625          3506.240532         48833.614782         2479.347124          2805.645389                  27.819355                  0.748192                   0.846659         1707.170000          44.748225           50.637384        6.992568e+06      183288.730852       207410.724269                1365.736000                 35.798580                  40.509907                0.000000e+00               0.000000e+00                0.000000e+00                        0.000000                       0.000000                        0.000000                                  0.000000                             0.000000e+00                              0.000000e+00                      0.000000                     0.000000                      0.000000                          0.000000                         0.000000                          0.000000          3
     16           0.05 10000000.0    naive_lfu       204.390386       17.299533        19.576265          0.998833         0.000551          0.000623         61224.801420         1030.475618          1166.092935         60641.940386          998.742498          1130.183531         76321.612053         6128.101729          6934.599918         81363.433053         5290.443581          5986.700490                  16.336365                  0.277591                   0.314124         3035.829000          50.406507           57.040333        1.243476e+07      206465.053853       233637.202663                2428.663200                 40.325206                  45.632266                8.016725e+06               4.861090e+06                5.500842e+06                     8016.725333                    4861.090386                     5500.841612                                  1.600000                             6.928203e-01                              7.840000e-01                  39362.500000                 23873.963441                  27015.932870                         39.362500                        23.873963                         27.015933          3
     16           0.05 10000000.0   window_lfu       204.390386       17.299533        19.576265          0.998833         0.000551          0.000623         61010.192186          975.597364          1103.992346         60444.423720          940.618108          1064.409591         76364.220386         5998.786637          6788.266117         81363.433053         5290.443581          5986.700490                  16.393523                  0.264412                   0.299210         3025.152000          47.676855           53.951441        1.239102e+07      195284.399726       220985.101470                2420.121600                 38.141484                  43.161153                1.078391e+07               2.974698e+06                3.366187e+06                    10783.914667                    2974.697807                     3366.187456                                  2.133333                             6.110101e-01                              6.914230e-01                  52956.800000                 14622.309083                  16546.700407                         52.956800                        14.622309                         16.546700          3
     16           0.05  5000000.0    naive_lfu       204.390386       17.299533        19.576265          0.998833         0.000551          0.000623         61528.384320         1035.516268          1171.796969         60942.623720         1003.625190          1135.708817         76700.303720         6158.508043          6969.007901         81767.209053         5316.689909          6016.401006                  16.255760                  0.276203                   0.312553         3035.829000          50.406507           57.040333        1.243476e+07      206465.053853       233637.202663                2428.663200                 40.325206                  45.632266                8.016725e+06               4.861090e+06                5.500842e+06                     8016.725333                    4861.090386                     5500.841612                                  1.600000                             6.928203e-01                              7.840000e-01                  39558.333333                 23992.739379                  27150.340496                         39.558333                        23.992739                         27.150340          3
     16           0.05  5000000.0   window_lfu       204.390386       17.299533        19.576265          0.998833         0.000551          0.000623         61312.707386          980.365049          1109.387489         60744.123720          945.214525          1069.610927         76743.123720         6028.550448          6821.947039         81767.209053         5316.689909          6016.401006                  16.312637                  0.263088                   0.297713         3025.152000          47.676855           53.951441        1.239102e+07      195284.399726       220985.101470                2420.121600                 38.141484                  43.161153                1.078391e+07               2.974698e+06                3.366187e+06                    10783.914667                    2974.697807                     3366.187456                                  2.133333                             6.110101e-01                              6.914230e-01                  53220.266667                 14695.056889                  16629.022299                         53.220267                        14.695057                         16.629022          3
     16           0.05 10000000.0 seconds_rule       204.390386       17.299533        19.576265          0.998833         0.000551          0.000623         61688.601286         1850.869339          2094.455825         60417.490386         1093.556760          1237.475967         78380.127053         7017.189942          7940.697944         82877.298386         6093.712579          6895.684932                  16.220203                  0.487658                   0.551837         3058.904333          91.292480          103.307166        1.252927e+07      373933.998479       423146.153575                2447.123467                 73.033984                  82.645733                1.776503e+07               4.251978e+06                4.811566e+06                    17765.034667                    4251.978263                     4811.566358                                  3.733333                             1.222020e+00                              1.382846e+00                  87213.900000                 20877.224727                  23624.803780                         87.213900                        20.877225                         23.624804          3
     16           0.05  5000000.0 seconds_rule       204.390386       17.299533        19.576265          0.998833         0.000551          0.000623         61994.491720         1859.998524          2104.786471         60717.057053         1098.910340          1243.534114         78769.060386         7052.015968          7980.107302         83288.606386         6123.943817          6929.894798                  16.140170                  0.485239                   0.549099         3058.904333          91.292480          103.307166        1.252927e+07      373933.998479       423146.153575                2447.123467                 73.033984                  82.645733                1.776503e+07               4.251978e+06                4.811566e+06                    17765.034667                    4251.978263                     4811.566358                                  3.733333                             1.222020e+00                              1.382846e+00                  87647.800000                 20981.091517                  23742.340117                         87.647800                        20.981092                         23.742340          3
     16           0.05  1000000.0    naive_lfu       204.390386       17.299533        19.576265          0.998833         0.000551          0.000623         63957.047520         1075.841473          1217.429233         63348.090386         1042.686730          1179.911110         79729.837053         6401.758556          7244.271770         84997.417053         5526.660539          6254.005142                  15.638472                  0.265578                   0.300530         3035.829000          50.406507           57.040333        1.243476e+07      206465.053853       233637.202663                2428.663200                 40.325206                  45.632266                8.016725e+06               4.861090e+06                5.500842e+06                     8016.725333                    4861.090386                     5500.841612                                  1.600000                             6.928203e-01                              7.840000e-01                  41125.000000                 24942.946879                  28225.601506                         41.125000                        24.942947                         28.225602          3
     16           0.05  1000000.0   window_lfu       204.390386       17.299533        19.576265          0.998833         0.000551          0.000623         63732.828986         1018.506524          1152.548631         63141.723720          981.985881          1111.221634         79774.350386         6266.660940          7091.394426         84997.417053         5526.660539          6254.005142                  15.693196                  0.252959                   0.286250         3025.152000          47.676855           53.951441        1.239102e+07      195284.399726       220985.101470                2420.121600                 38.141484                  43.161153                1.078391e+07               2.974698e+06                3.366187e+06                    10783.914667                    2974.697807                     3366.187456                                  2.133333                             6.110101e-01                              6.914230e-01                  55328.000000                 15277.039340                  17287.597440                         55.328000                        15.277039                         17.287597          3
     16           0.05  1000000.0 seconds_rule       204.390386       17.299533        19.576265          0.998833         0.000551          0.000623         64441.615186         1933.032027          2187.431660         63113.590386         1141.738982          1291.999285         81880.527053         7330.624178          8295.382171         86579.070386         6365.793719          7203.573726                  15.527255                  0.466715                   0.528138         3058.904333          91.292480          103.307166        1.252927e+07      373933.998479       423146.153575                2447.123467                 73.033984                  82.645733                1.776503e+07               4.251978e+06                4.811566e+06                    17765.034667                    4251.978263                     4811.566358                                  3.733333                             1.222020e+00                              1.382846e+00                  91119.000000                 21812.025834                  24682.630815                         91.119000                        21.812026                         24.682631          3
     16           0.05 10000000.0          lru       204.390386       17.299533        19.576265          0.998833         0.000551          0.000623         64253.962220         2990.270840          3383.810002         61402.323720         2172.191428          2458.065999         81991.290386         6596.238967          7464.347073         84336.357386         5853.971782          6624.392680                  15.586215                  0.740538                   0.837998         3186.538333         147.956121          167.428112        1.305206e+07      606028.269608       685785.545806                2549.230667                118.364896                 133.942489                1.897387e+07               2.790132e+06                3.157331e+06                    18973.866667                    2790.131743                     3157.331293                                  4.800000                             4.000000e-01                              4.526426e-01                  93143.400000                 13686.255162                  15487.455680                         93.143400                        13.686255                         15.487456          3
     16           0.05  5000000.0          lru       204.390386       17.299533        19.576265          0.998833         0.000551          0.000623         64572.616053         3005.066426          3400.552783         61706.790386         2182.931900          2470.219987         82398.190386         6628.973040          7501.389163         84754.924386         5883.010922          6657.253562                  15.509299                  0.736875                   0.833852         3186.538333         147.956121          167.428112        1.305206e+07      606028.269608       685785.545806                2549.230667                118.364896                 133.942489                1.897387e+07               2.790132e+06                3.157331e+06                    18973.866667                    2790.131743                     3157.331293                                  4.800000                             4.000000e-01                              4.526426e-01                  93606.800000                 13754.345984                  15564.507698                         93.606800                        13.754346                         15.564508          3
     16           0.05 10000000.0      all_ssd       204.390386       17.299533        19.576265          0.998833         0.000551          0.000623         67440.015986         2251.866906          2548.227290         64896.240386         5225.652072          5913.381996         82896.795386         5905.438088          6682.632289         84726.431386         5197.682978          5881.731987                  14.839224                  0.504579                   0.570985         3345.056000         111.192242          125.825867        1.370135e+07      455443.423122       515382.750562                2676.044800                 88.953794                 100.660693                0.000000e+00               0.000000e+00                0.000000e+00                        0.000000                       0.000000                        0.000000                                  0.000000                             0.000000e+00                              0.000000e+00                      0.000000                     0.000000                      0.000000                          0.000000                         0.000000                          0.000000          3
     16           0.05  5000000.0      all_ssd       204.390386       17.299533        19.576265          0.998833         0.000551          0.000623         67774.521586         2262.986115          2560.809860         65218.090386         5251.607167          5942.752951         83308.200386         5934.734508          6715.784308         85146.939053         5223.457130          5910.898185                  14.765983                  0.502077                   0.568154         3345.056000         111.192242          125.825867        1.370135e+07      455443.423122       515382.750562                2676.044800                 88.953794                 100.660693                0.000000e+00               0.000000e+00                0.000000e+00                        0.000000                       0.000000                        0.000000                                  0.000000                             0.000000e+00                              0.000000e+00                      0.000000                     0.000000                      0.000000                          0.000000                         0.000000                          0.000000          3
     16           0.05  1000000.0          lru       204.390386       17.299533        19.576265          0.998833         0.000551          0.000623         67121.846720         3123.431118          3534.495042         64142.523720         2268.855726          2567.451950         85653.390386         6890.845621          7797.725885         88103.460386         6115.324050          6920.140614                  14.920265                  0.708823                   0.802109         3186.538333         147.956121          167.428112        1.305206e+07      606028.269608       685785.545806                2549.230667                118.364896                 133.942489                1.897387e+07               2.790132e+06                3.157331e+06                    18973.866667                    2790.131743                     3157.331293                                  4.800000                             4.000000e-01                              4.526426e-01                  97314.000000                 14299.072557                  16180.923845                         97.314000                        14.299073                         16.180924          3
     16           0.05  1000000.0      all_ssd       204.390386       17.299533        19.576265          0.998833         0.000551          0.000623         70450.566386         2351.939795          2661.470424         67792.890386         5459.247968          6177.720636         86599.440386         6169.105867          6981.000468         88511.000386         5429.650344          6144.227771                  14.205098                  0.482922                   0.546478         3345.056000         111.192242          125.825867        1.370135e+07      455443.423122       515382.750562                2676.044800                 88.953794                 100.660693                0.000000e+00               0.000000e+00                0.000000e+00                        0.000000                       0.000000                        0.000000                                  0.000000                             0.000000e+00                              0.000000e+00                      0.000000                     0.000000                      0.000000                          0.000000                         0.000000                          0.000000          3
     32           0.05 10000000.0 seconds_rule       455.731702       59.686880        67.542064          0.999933         0.000058          0.000065        118553.427869         1351.441711          1529.300262        118422.998369        12418.548210         14052.910218        135983.601702         7573.703221          8570.452003        137880.703702         7001.152563          7922.549942                   8.435751                  0.096790                   0.109528         5875.487000          65.020261           73.577352        2.406599e+07      266322.990048       301372.833991                4700.389600                 52.016209                  58.861882                1.221188e+07               4.192006e+06                4.743702e+06                    12211.882667                    4192.006444                     4743.701855                                  4.000000                             8.000000e-01                              9.052852e-01                  59965.000000                 20569.601245                  23276.695040                         59.965000                        20.569601                         23.276695          3
     32           0.05 10000000.0    naive_lfu       455.731702       59.686880        67.542064          0.999933         0.000058          0.000065        118275.001169         1179.125391          1334.305989        119558.648369        13275.721809         15022.893458        136369.916702         6480.720799          7333.625960        138181.131702         6785.837928          7678.898495                   8.455436                  0.084783                   0.095941         5861.634000          56.369204           63.787759        2.400925e+07      230888.260071       261274.662245                4689.307200                 45.095363                  51.030207                3.906389e+06               7.071434e+05                8.002081e+05                     3906.389333                     707.143427                      800.208118                                  1.200000                             0.000000e+00                              0.000000e+00                  19182.100000                  3477.784070                   3935.483156                         19.182100                         3.477784                          3.935483          3
     32           0.05 10000000.0   window_lfu       455.731702       59.686880        67.542064          0.999933         0.000058          0.000065        118306.500202         1278.780565          1447.076435        119515.098369        13398.701444         15162.058016        136515.913369         6573.586677          7438.713594        137939.998702         6897.548519          7805.310928                   8.453283                  0.091892                   0.103986         5863.201000          61.590413           69.696113        2.401567e+07      252274.330101       285475.278692                4690.560800                 49.272330                  55.756890                5.119147e+06               2.536727e+06                2.870577e+06                     5119.146667                    2536.726946                     2870.576771                                  1.600000                             8.000000e-01                              9.052852e-01                  25131.700000                 12452.032465                  14090.801220                         25.131700                        12.452032                         14.090801          3
     32           0.05  5000000.0 seconds_rule       455.731702       59.686880        67.542064          0.999933         0.000058          0.000065        119140.976569         1357.940856          1536.654737        119009.898369        12480.177974         14122.650861        136657.868369         7611.638695          8613.380033        138564.409035         7036.253009          7962.269835                   8.394150                  0.096298                   0.108972         5875.487000          65.020261           73.577352        2.406599e+07      266322.990048       301372.833991                4700.389600                 52.016209                  58.861882                1.221188e+07               4.192006e+06                4.743702e+06                    12211.882667                    4192.006444                     4743.701855                                  4.000000                             8.000000e-01                              9.052852e-01                  60263.333333                 20671.937570                  23392.499492                         60.263333                        20.671938                         23.392499          3
     32           0.05  5000000.0    naive_lfu       455.731702       59.686880        67.542064          0.999933         0.000058          0.000065        118861.164569         1184.759309          1340.681368        120151.198369        13341.610503         15097.453534        137046.105035         6513.207159          7370.387737        138866.331702         6819.863688          7717.402267                   8.413737                  0.084349                   0.095450         5861.634000          56.369204           63.787759        2.400925e+07      230888.260071       261274.662245                4689.307200                 45.095363                  51.030207                3.906389e+06               7.071434e+05                8.002081e+05                     3906.389333                     707.143427                      800.208118                                  1.200000                             0.000000e+00                              0.000000e+00                  19277.533333                  3495.086479                   3955.062674                         19.277533                         3.495086                          3.955063          3
     32           0.05  5000000.0   window_lfu       455.731702       59.686880        67.542064          0.999933         0.000058          0.000065        118892.820302         1284.935948          1454.041906        120107.431702        13465.207808         15237.317052        137192.828369         6606.539908          7476.003685        138623.999035         6932.133422          7844.447430                   8.411596                  0.091426                   0.103458         5863.201000          61.590413           69.696113        2.401567e+07      252274.330101       285475.278692                4690.560800                 49.272330                  55.756890                5.119147e+06               2.536727e+06                2.870577e+06                     5119.146667                    2536.726946                     2870.576771                                  1.600000                             8.000000e-01                              9.052852e-01                  25256.733333                 12513.982876                  14160.904709                         25.256733                        12.513983                         14.160905          3
     32           0.05 10000000.0          lru       455.731702       59.686880        67.542064          0.999933         0.000058          0.000065        118740.373935         1280.443559          1448.958289        117692.731702        11967.017481         13541.955097        138248.065035         6905.323256          7814.108872        139280.267035         6951.043902          7865.846653                   8.422388                  0.090759                   0.102704         5884.791000          62.741560           70.998759        2.410410e+07      256989.428904       290810.915275                4707.832800                 50.193248                  56.799007                8.481963e+06               6.444538e+06                7.292681e+06                     8481.962667                    6444.537519                     7292.680724                                  2.266667                             1.285820e+00                              1.455042e+00                  41660.600000                 31638.940877                  35802.832024                         41.660600                        31.638941                         35.802832          3
     32           0.05  5000000.0          lru       455.731702       59.686880        67.542064          0.999933         0.000058          0.000065        119328.853035         1286.711559          1456.051200        118275.998369        12026.412453         13609.166835        138933.598369         6939.912128          7853.249865        139970.935702         6985.868994          7905.254955                   8.380852                  0.090306                   0.102190         5884.791000          62.741560           70.998759        2.410410e+07      256989.428904       290810.915275                4707.832800                 50.193248                  56.799007                8.481963e+06               6.444538e+06                7.292681e+06                     8481.962667                    6444.537519                     7292.680724                                  2.266667                             1.285820e+00                              1.455042e+00                  41867.866667                 31796.348543                  35980.955566                         41.867867                        31.796349                         35.980956          3
     32           0.05 10000000.0      all_ssd       455.731702       59.686880        67.542064          0.999933         0.000058          0.000065        124307.194802         1573.014667          1780.033665        124355.481702        13682.805497         15483.552017        140607.001702         5697.993084          6447.886168        141162.967702         6127.298315          6933.690770                   8.045452                  0.102555                   0.116051         6161.764333          75.861149           85.844972        2.523859e+07      310727.268052       351621.004834                4929.411467                 60.688920                  68.675978                0.000000e+00               0.000000e+00                0.000000e+00                        0.000000                       0.000000                        0.000000                                  0.000000                             0.000000e+00                              0.000000e+00                      0.000000                     0.000000                      0.000000                          0.000000                         0.000000                          0.000000          3
     32           0.05  5000000.0      all_ssd       455.731702       59.686880        67.542064          0.999933         0.000058          0.000065        124923.371235         1580.598832          1788.615956        124971.898369        13750.691950         15560.372770        141304.271702         5726.595024          6480.252310        141863.003702         6158.048272          6968.487622                   8.005768                  0.102035                   0.115463         6161.764333          75.861149           85.844972        2.523859e+07      310727.268052       351621.004834                4929.411467                 60.688920                  68.675978                0.000000e+00               0.000000e+00                0.000000e+00                        0.000000                       0.000000                        0.000000                                  0.000000                             0.000000e+00                              0.000000e+00                      0.000000                     0.000000                      0.000000                          0.000000                         0.000000                          0.000000          3
     32           0.05  1000000.0 seconds_rule       455.731702       59.686880        67.542064          0.999933         0.000058          0.000065        123841.366169         1409.934972          1595.491618        123705.098369        12973.216263         14680.576207        142052.001702         7915.122591          8956.804391        144034.051702         7317.056654          8280.029072                   8.075549                  0.092539                   0.104717         5875.487000          65.020261           73.577352        2.406599e+07      266322.990048       301372.833991                4700.389600                 52.016209                  58.861882                1.221188e+07               4.192006e+06                4.743702e+06                    12211.882667                    4192.006444                     4743.701855                                  4.000000                             8.000000e-01                              9.052852e-01                  62650.000000                 21490.628167                  24318.935116                         62.650000                        21.490628                         24.318935          3
     32           0.05  1000000.0    naive_lfu       455.731702       59.686880        67.542064          0.999933         0.000058          0.000065        123550.471769         1229.831648          1391.685520        124891.598369        13868.720217         15693.934327        142455.611702         6773.098186          7664.482119        144347.931702         7092.069856          8025.432543                   8.094396                  0.081037                   0.091702         5861.634000          56.369204           63.787759        2.400925e+07      230888.260071       261274.662245                4689.307200                 45.095363                  51.030207                3.906389e+06               7.071434e+05                8.002081e+05                     3906.389333                     707.143427                      800.208118                                  1.200000                             0.000000e+00                              0.000000e+00                  20041.000000                  3633.505745                   4111.698819                         20.041000                         3.633506                          4.111699          3
     32           0.05  1000000.0   window_lfu       455.731702       59.686880        67.542064          0.999933         0.000058          0.000065        123583.381102         1334.180227          1509.767054        124846.098369        13997.258889         15839.389528        142608.148369         6870.165894          7774.324572        144096.001702         7208.812726          8157.539537                   8.092335                  0.087859                   0.099422         5863.201000          61.590413           69.696113        2.401567e+07      252274.330101       285475.278692                4690.560800                 49.272330                  55.756890                5.119147e+06               2.536727e+06                2.870577e+06                     5119.146667                    2536.726946                     2870.576771                                  1.600000                             8.000000e-01                              9.052852e-01                  26257.000000                 13009.586158                  14721.732618                         26.257000                        13.009586                         14.721733          3
     32           0.05  1000000.0          lru       455.731702       59.686880        67.542064          0.999933         0.000058          0.000065        124036.685835         1336.857642          1512.796834        122942.131702        12501.572425         14146.860961        144417.865035         7216.623268          8166.377997        145496.285035         7264.469872          8220.521526                   8.062755                  0.086835                   0.098263         5884.791000          62.741560           70.998759        2.410410e+07      256989.428904       290810.915275                4707.832800                 50.193248                  56.799007                8.481963e+06               6.444538e+06                7.292681e+06                     8481.962667                    6444.537519                     7292.680724                                  2.266667                             1.285820e+00                              1.455042e+00                  43526.000000                 33055.609872                  37405.943905                         43.526000                        33.055610                         37.405944          3
     32           0.05  1000000.0      all_ssd       455.731702       59.686880        67.542064          0.999933         0.000058          0.000065        129852.782702         1641.272804          1857.275018        129903.231702        14293.783705         16174.938945        146882.431702         5955.410693          6739.181615        147463.291702         6404.048029          7246.862553                   7.701855                  0.098060                   0.110965         6161.764333          75.861149           85.844972        2.523859e+07      310727.268052       351621.004834                4929.411467                 60.688920                  68.675978                0.000000e+00               0.000000e+00                0.000000e+00                        0.000000                       0.000000                        0.000000                                  0.000000                             0.000000e+00                              0.000000e+00                      0.000000                     0.000000                      0.000000                          0.000000                         0.000000                          0.000000          3

=== Rows for each policy when dram_fraction = 0.1 ===
 nprobe  dram_fraction   max_iops       policy  avg_ann_us_mean  avg_ann_us_std  avg_ann_us_ci95  recall_at_k_mean  recall_at_k_std  recall_at_k_ci95  avg_latency_us_mean  avg_latency_us_std  avg_latency_us_ci95  p50_latency_us_mean  p50_latency_us_std  p50_latency_us_ci95  p95_latency_us_mean  p95_latency_us_std  p95_latency_us_ci95  p99_latency_us_mean  p99_latency_us_std  p99_latency_us_ci95  qps_from_avg_latency_mean  qps_from_avg_latency_std  qps_from_avg_latency_ci95  avg_ssd_pages_mean  avg_ssd_pages_std  avg_ssd_pages_ci95  avg_ssd_bytes_mean  avg_ssd_bytes_std  avg_ssd_bytes_ci95  avg_io_amplification_mean  avg_io_amplification_std  avg_io_amplification_ci95  total_migration_bytes_mean  total_migration_bytes_std  total_migration_bytes_ci95  migration_bytes_per_query_mean  migration_bytes_per_query_std  migration_bytes_per_query_ci95  avg_migrated_clusters_per_rebalance_mean  avg_migrated_clusters_per_rebalance_std  avg_migrated_clusters_per_rebalance_ci95  total_migration_time_us_mean  total_migration_time_us_std  total_migration_time_us_ci95  migration_time_us_per_query_mean  migration_time_us_per_query_std  migration_time_us_per_query_ci95  num_seeds
      1            0.1  1000000.0     all_dram        14.904324        0.517925         0.586087          0.567367         0.011007          0.012456            15.104324            0.517925             0.586087            15.104324            0.517925             0.586087            15.104324            0.517925             0.586087            15.104324            0.517925             0.586087               66257.156541               2228.794806                2522.118751            0.000000           0.000000            0.000000        0.000000e+00           0.000000            0.000000                   0.000000                  0.000000                   0.000000                0.000000e+00               0.000000e+00                0.000000e+00                        0.000000                       0.000000                        0.000000                                  0.000000                                 0.000000                                  0.000000                      0.000000                     0.000000                      0.000000                          0.000000                         0.000000                          0.000000          3
      1            0.1  5000000.0     all_dram        14.904324        0.517925         0.586087          0.567367         0.011007          0.012456            15.104324            0.517925             0.586087            15.104324            0.517925             0.586087            15.104324            0.517925             0.586087            15.104324            0.517925             0.586087               66257.156541               2228.794806                2522.118751            0.000000           0.000000            0.000000        0.000000e+00           0.000000            0.000000                   0.000000                  0.000000                   0.000000                0.000000e+00               0.000000e+00                0.000000e+00                        0.000000                       0.000000                        0.000000                                  0.000000                                 0.000000                                  0.000000                      0.000000                     0.000000                      0.000000                          0.000000                         0.000000                          0.000000          3
      1            0.1 10000000.0     all_dram        14.904324        0.517925         0.586087          0.567367         0.011007          0.012456            15.104324            0.517925             0.586087            15.104324            0.517925             0.586087            15.104324            0.517925             0.586087            15.104324            0.517925             0.586087               66257.156541               2228.794806                2522.118751            0.000000           0.000000            0.000000        0.000000e+00           0.000000            0.000000                   0.000000                  0.000000                   0.000000                0.000000e+00               0.000000e+00                0.000000e+00                        0.000000                       0.000000                        0.000000                                  0.000000                                 0.000000                                  0.000000                      0.000000                     0.000000                      0.000000                          0.000000                         0.000000                          0.000000          3
      2            0.1  1000000.0     all_dram        36.579046       11.220539        12.697235          0.764100         0.012780          0.014462            36.979046           11.220539            12.697235            36.979046           11.220539            12.697235            36.979046           11.220539            12.697235            36.979046           11.220539            12.697235               28556.361184               7506.970598                8494.936931            0.000000           0.000000            0.000000        0.000000e+00           0.000000            0.000000                   0.000000                  0.000000                   0.000000                0.000000e+00               0.000000e+00                0.000000e+00                        0.000000                       0.000000                        0.000000                                  0.000000                                 0.000000                                  0.000000                      0.000000                     0.000000                      0.000000                          0.000000                         0.000000                          0.000000          3
      2            0.1  5000000.0     all_dram        36.579046       11.220539        12.697235          0.764100         0.012780          0.014462            36.979046           11.220539            12.697235            36.979046           11.220539            12.697235            36.979046           11.220539            12.697235            36.979046           11.220539            12.697235               28556.361184               7506.970598                8494.936931            0.000000           0.000000            0.000000        0.000000e+00           0.000000            0.000000                   0.000000                  0.000000                   0.000000                0.000000e+00               0.000000e+00                0.000000e+00                        0.000000                       0.000000                        0.000000                                  0.000000                                 0.000000                                  0.000000                      0.000000                     0.000000                      0.000000                          0.000000                         0.000000                          0.000000          3
      2            0.1 10000000.0     all_dram        36.579046       11.220539        12.697235          0.764100         0.012780          0.014462            36.979046           11.220539            12.697235            36.979046           11.220539            12.697235            36.979046           11.220539            12.697235            36.979046           11.220539            12.697235               28556.361184               7506.970598                8494.936931            0.000000           0.000000            0.000000        0.000000e+00           0.000000            0.000000                   0.000000                  0.000000                   0.000000                0.000000e+00               0.000000e+00                0.000000e+00                        0.000000                       0.000000                        0.000000                                  0.000000                                 0.000000                                  0.000000                      0.000000                     0.000000                      0.000000                          0.000000                         0.000000                          0.000000          3
      4            0.1  5000000.0     all_dram        62.150935        5.861042         6.632394          0.909333         0.004508          0.005101            62.950935            5.861042             6.632394            62.950935            5.861042             6.632394            62.950935            5.861042             6.632394            62.950935            5.861042             6.632394               15982.990965               1572.483472                1779.432561            0.000000           0.000000            0.000000        0.000000e+00           0.000000            0.000000                   0.000000                  0.000000                   0.000000                0.000000e+00               0.000000e+00                0.000000e+00                        0.000000                       0.000000                        0.000000                                  0.000000                                 0.000000                                  0.000000                      0.000000                     0.000000                      0.000000                          0.000000                         0.000000                          0.000000          3
      4            0.1  1000000.0     all_dram        62.150935        5.861042         6.632394          0.909333         0.004508          0.005101            62.950935            5.861042             6.632394            62.950935            5.861042             6.632394            62.950935            5.861042             6.632394            62.950935            5.861042             6.632394               15982.990965               1572.483472                1779.432561            0.000000           0.000000            0.000000        0.000000e+00           0.000000            0.000000                   0.000000                  0.000000                   0.000000                0.000000e+00               0.000000e+00                0.000000e+00                        0.000000                       0.000000                        0.000000                                  0.000000                                 0.000000                                  0.000000                      0.000000                     0.000000                      0.000000                          0.000000                         0.000000                          0.000000          3
      4            0.1 10000000.0     all_dram        62.150935        5.861042         6.632394          0.909333         0.004508          0.005101            62.950935            5.861042             6.632394            62.950935            5.861042             6.632394            62.950935            5.861042             6.632394            62.950935            5.861042             6.632394               15982.990965               1572.483472                1779.432561            0.000000           0.000000            0.000000        0.000000e+00           0.000000            0.000000                   0.000000                  0.000000                   0.000000                0.000000e+00               0.000000e+00                0.000000e+00                        0.000000                       0.000000                        0.000000                                  0.000000                                 0.000000                                  0.000000                      0.000000                     0.000000                      0.000000                          0.000000                         0.000000                          0.000000          3
      8            0.1  1000000.0     all_dram       112.704782       16.779694        18.988011          0.981433         0.002454          0.002777           114.304782           16.779694            18.988011           114.304782           16.779694            18.988011           114.304782           16.779694            18.988011           114.304782           16.779694            18.988011                8870.477300               1249.194902                1413.597106            0.000000           0.000000            0.000000        0.000000e+00           0.000000            0.000000                   0.000000                  0.000000                   0.000000                0.000000e+00               0.000000e+00                0.000000e+00                        0.000000                       0.000000                        0.000000                                  0.000000                                 0.000000                                  0.000000                      0.000000                     0.000000                      0.000000                          0.000000                         0.000000                          0.000000          3
      8            0.1  5000000.0     all_dram       112.704782       16.779694        18.988011          0.981433         0.002454          0.002777           114.304782           16.779694            18.988011           114.304782           16.779694            18.988011           114.304782           16.779694            18.988011           114.304782           16.779694            18.988011                8870.477300               1249.194902                1413.597106            0.000000           0.000000            0.000000        0.000000e+00           0.000000            0.000000                   0.000000                  0.000000                   0.000000                0.000000e+00               0.000000e+00                0.000000e+00                        0.000000                       0.000000                        0.000000                                  0.000000                                 0.000000                                  0.000000                      0.000000                     0.000000                      0.000000                          0.000000                         0.000000                          0.000000          3
      8            0.1 10000000.0     all_dram       112.704782       16.779694        18.988011          0.981433         0.002454          0.002777           114.304782           16.779694            18.988011           114.304782           16.779694            18.988011           114.304782           16.779694            18.988011           114.304782           16.779694            18.988011                8870.477300               1249.194902                1413.597106            0.000000           0.000000            0.000000        0.000000e+00           0.000000            0.000000                   0.000000                  0.000000                   0.000000                0.000000e+00               0.000000e+00                0.000000e+00                        0.000000                       0.000000                        0.000000                                  0.000000                                 0.000000                                  0.000000                      0.000000                     0.000000                      0.000000                          0.000000                         0.000000                          0.000000          3
     16            0.1 10000000.0     all_dram       204.390386       17.299533        19.576265          0.998833         0.000551          0.000623           207.590386           17.299533            19.576265           207.590386           17.299533            19.576265           207.590386           17.299533            19.576265           207.590386           17.299533            19.576265                4840.684950                423.134155                 478.821372            0.000000           0.000000            0.000000        0.000000e+00           0.000000            0.000000                   0.000000                  0.000000                   0.000000                0.000000e+00               0.000000e+00                0.000000e+00                        0.000000                       0.000000                        0.000000                                  0.000000                                 0.000000                                  0.000000                      0.000000                     0.000000                      0.000000                          0.000000                         0.000000                          0.000000          3
     16            0.1  5000000.0     all_dram       204.390386       17.299533        19.576265          0.998833         0.000551          0.000623           207.590386           17.299533            19.576265           207.590386           17.299533            19.576265           207.590386           17.299533            19.576265           207.590386           17.299533            19.576265                4840.684950                423.134155                 478.821372            0.000000           0.000000            0.000000        0.000000e+00           0.000000            0.000000                   0.000000                  0.000000                   0.000000                0.000000e+00               0.000000e+00                0.000000e+00                        0.000000                       0.000000                        0.000000                                  0.000000                                 0.000000                                  0.000000                      0.000000                     0.000000                      0.000000                          0.000000                         0.000000                          0.000000          3
     16            0.1  1000000.0     all_dram       204.390386       17.299533        19.576265          0.998833         0.000551          0.000623           207.590386           17.299533            19.576265           207.590386           17.299533            19.576265           207.590386           17.299533            19.576265           207.590386           17.299533            19.576265                4840.684950                423.134155                 478.821372            0.000000           0.000000            0.000000        0.000000e+00           0.000000            0.000000                   0.000000                  0.000000                   0.000000                0.000000e+00               0.000000e+00                0.000000e+00                        0.000000                       0.000000                        0.000000                                  0.000000                                 0.000000                                  0.000000                      0.000000                     0.000000                      0.000000                          0.000000                         0.000000                          0.000000          3
     32            0.1  1000000.0     all_dram       455.731702       59.686880        67.542064          0.999933         0.000058          0.000065           462.131702           59.686880            67.542064           462.131702           59.686880            67.542064           462.131702           59.686880            67.542064           462.131702           59.686880            67.542064                2187.657263                276.780075                 313.206140            0.000000           0.000000            0.000000        0.000000e+00           0.000000            0.000000                   0.000000                  0.000000                   0.000000                0.000000e+00               0.000000e+00                0.000000e+00                        0.000000                       0.000000                        0.000000                                  0.000000                                 0.000000                                  0.000000                      0.000000                     0.000000                      0.000000                          0.000000                         0.000000                          0.000000          3
     32            0.1  5000000.0     all_dram       455.731702       59.686880        67.542064          0.999933         0.000058          0.000065           462.131702           59.686880            67.542064           462.131702           59.686880            67.542064           462.131702           59.686880            67.542064           462.131702           59.686880            67.542064                2187.657263                276.780075                 313.206140            0.000000           0.000000            0.000000        0.000000e+00           0.000000            0.000000                   0.000000                  0.000000                   0.000000                0.000000e+00               0.000000e+00                0.000000e+00                        0.000000                       0.000000                        0.000000                                  0.000000                                 0.000000                                  0.000000                      0.000000                     0.000000                      0.000000                          0.000000                         0.000000                          0.000000          3
     32            0.1 10000000.0     all_dram       455.731702       59.686880        67.542064          0.999933         0.000058          0.000065           462.131702           59.686880            67.542064           462.131702           59.686880            67.542064           462.131702           59.686880            67.542064           462.131702           59.686880            67.542064                2187.657263                276.780075                 313.206140            0.000000           0.000000            0.000000        0.000000e+00           0.000000            0.000000                   0.000000                  0.000000                   0.000000                0.000000e+00               0.000000e+00                0.000000e+00                        0.000000                       0.000000                        0.000000                                  0.000000                                 0.000000                                  0.000000                      0.000000                     0.000000                      0.000000                          0.000000                         0.000000                          0.000000          3
      1            0.1 10000000.0    naive_lfu        14.904324        0.517925         0.586087          0.567367         0.011007          0.012456          3653.660591          123.534091           139.791984          3900.904324          152.711597           172.809440          6038.204324          442.374175           500.593504          7760.104324          878.459809           994.070854                 273.910949                  9.442456                  10.685145          181.031333           6.133177            6.940343        7.415043e+05       25121.491730        28427.644025                 144.825067                  4.906541                   5.552274                2.763605e+07               7.855336e+06                8.889150e+06                    27636.053333                    7855.336441                     8889.149993                                  5.333333                                 1.154701                                  1.306667                 135654.900000                 38550.589580                  43624.098811                        135.654900                        38.550590                         43.624099          3
      1            0.1 10000000.0   window_lfu        14.904324        0.517925         0.586087          0.567367         0.011007          0.012456          3653.660591          123.534091           139.791984          3900.904324          152.711597           172.809440          6038.204324          442.374175           500.593504          7760.104324          878.459809           994.070854                 273.910949                  9.442456                  10.685145          181.031333           6.133177            6.940343        7.415043e+05       25121.491730        28427.644025                 144.825067                  4.906541                   5.552274                2.763605e+07               7.855336e+06                8.889150e+06                    27636.053333                    7855.336441                     8889.149993                                  5.333333                                 1.154701                                  1.306667                 135654.900000                 38550.589580                  43624.098811                        135.654900                        38.550590                         43.624099          3
      1            0.1  5000000.0    naive_lfu        14.904324        0.517925         0.586087          0.567367         0.011007          0.012456          3671.763724          124.147405           140.486014          3920.237657          153.468785           173.666279          6068.170991          444.574931           503.083894          7798.637657          882.832832           999.019396                 272.560472                  9.395994                  10.632568          181.031333           6.133177            6.940343        7.415043e+05       25121.491730        28427.644025                 144.825067                  4.906541                   5.552274                2.763605e+07               7.855336e+06                8.889150e+06                    27636.053333                    7855.336441                     8889.149993                                  5.333333                                 1.154701                                  1.306667                 136329.800000                 38742.383558                  43841.134129                        136.329800                        38.742384                         43.841134          3
      1            0.1  5000000.0   window_lfu        14.904324        0.517925         0.586087          0.567367         0.011007          0.012456          3671.763724          124.147405           140.486014          3920.237657          153.468785           173.666279          6068.170991          444.574931           503.083894          7798.637657          882.832832           999.019396                 272.560472                  9.395994                  10.632568          181.031333           6.133177            6.940343        7.415043e+05       25121.491730        28427.644025                 144.825067                  4.906541                   5.552274                2.763605e+07               7.855336e+06                8.889150e+06                    27636.053333                    7855.336441                     8889.149993                                  5.333333                                 1.154701                                  1.306667                 136329.800000                 38742.383558                  43841.134129                        136.329800                        38.742384                         43.841134          3
      1            0.1 10000000.0 seconds_rule        14.904324        0.517925         0.586087          0.567367         0.011007          0.012456          3647.939124          130.784511           147.996607          3900.904324          152.711597           172.809440          6158.804324          484.454069           548.211386          7760.104324          878.459809           994.070854                 274.367342                 10.039841                  11.361150          180.746667           6.494098            7.348763        7.403383e+05       26599.824620        30100.535173                 144.597333                  5.195278                   5.879011                2.735616e+07               7.607659e+06                8.608877e+06                    27356.160000                    7607.659143                     8608.876746                                  5.333333                                 1.154701                                  1.306667                 134281.400000                 37341.652838                  42256.058103                        134.281400                        37.341653                         42.256058          3
      1            0.1  5000000.0 seconds_rule        14.904324        0.517925         0.586087          0.567367         0.011007          0.012456          3666.013791          131.433917           148.731479          3920.237657          153.468785           173.666279          6189.370991          486.863078           550.937438          7798.637657          882.832832           999.019396                 273.014625                  9.990448                  11.305257          180.746667           6.494098            7.348763        7.403383e+05       26599.824620        30100.535173                 144.597333                  5.195278                   5.879011                2.735616e+07               7.607659e+06                8.608877e+06                    27356.160000                    7607.659143                     8608.876746                                  5.333333                                 1.154701                                  1.306667                 134949.466667                 37527.432205                  42466.287248                        134.949467                        37.527432                         42.466287          3
      1            0.1  1000000.0   window_lfu        14.904324        0.517925         0.586087          0.567367         0.011007          0.012456          3816.588791          129.053916           146.038253          4074.904324          159.526287           180.520988          6307.904324          462.180979           523.007013          8106.904324          917.817019          1038.607730                 262.217867                  9.040138                  10.229879          181.031333           6.133177            6.940343        7.415043e+05       25121.491730        28427.644025                 144.825067                  4.906541                   5.552274                2.763605e+07               7.855336e+06                8.889150e+06                    27636.053333                    7855.336441                     8889.149993                                  5.333333                                 1.154701                                  1.306667                 141729.000000                 40276.735382                  45577.416669                        141.729000                        40.276735                         45.577417          3
      1            0.1  1000000.0    naive_lfu        14.904324        0.517925         0.586087          0.567367         0.011007          0.012456          3816.588791          129.053916           146.038253          4074.904324          159.526287           180.520988          6307.904324          462.180979           523.007013          8106.904324          917.817019          1038.607730                 262.217867                  9.040138                  10.229879          181.031333           6.133177            6.940343        7.415043e+05       25121.491730        28427.644025                 144.825067                  4.906541                   5.552274                2.763605e+07               7.855336e+06                8.889150e+06                    27636.053333                    7855.336441                     8889.149993                                  5.333333                                 1.154701                                  1.306667                 141729.000000                 40276.735382                  45577.416669                        141.729000                        40.276735                         45.577417          3
      1            0.1  1000000.0 seconds_rule        14.904324        0.517925         0.586087          0.567367         0.011007          0.012456          3810.611124          136.629166           154.610456          4074.904324          159.526287           180.520988          6433.904324          506.135157           572.745848          8106.904324          917.817019          1038.607730                 262.654858                  9.612137                  10.877157          180.746667           6.494098            7.348763        7.403383e+05       26599.824620        30100.535173                 144.597333                  5.195278                   5.879011                2.735616e+07               7.607659e+06                8.608877e+06                    27356.160000                    7607.659143                     8608.876746                                  5.333333                                 1.154701                                  1.306667                 140294.000000                 39013.667144                  44148.120406                        140.294000                        39.013667                         44.148120          3
      1            0.1 10000000.0          lru        14.904324        0.517925         0.586087          0.567367         0.011007          0.012456          4006.877857           73.042368            82.655221          4115.304324          160.052884           181.116889          6956.104324          710.972456           804.541073          8745.004324          833.227847           942.886071                 249.626655                  4.590207                   5.194308          198.604667           3.624387            4.101380        8.134847e+05       14845.490964        16799.254481                 158.883733                  2.899510                   3.281104                4.688384e+07               2.006292e+06                2.270333e+06                    46883.840000                    2006.291648                     2270.332725                                 10.933333                                 0.230940                                  0.261333                 230104.800000                  9845.040735                  11140.712360                        230.104800                         9.845041                         11.140712          3
      1            0.1  5000000.0          lru        14.904324        0.517925         0.586087          0.567367         0.011007          0.012456          4026.738324           73.404799            83.065350          4135.704324          160.846610           182.015073          6990.637657          714.511288           808.545638          8788.437657          837.370712           947.574164                 248.395460                  4.567589                   5.168714          198.604667           3.624387            4.101380        8.134847e+05       14845.490964        16799.254481                 158.883733                  2.899510                   3.281104                4.688384e+07               2.006292e+06                2.270333e+06                    46883.840000                    2006.291648                     2270.332725                                 10.933333                                 0.230940                                  0.261333                 231249.600000                  9894.021037                  11196.138790                        231.249600                         9.894021                         11.196139          3
      1            0.1 10000000.0      all_ssd        14.904324        0.517925         0.586087          0.567367         0.011007          0.012456          4491.569624           31.811054            35.997596          4316.304324          192.143962           217.431362          7076.704324          585.905869           663.014906          8745.004324          833.227847           942.886071                 222.646764                  1.576924                   1.784458          222.719667           1.559549            1.764796        9.122598e+05        6387.914345         7228.605571                 178.175733                  1.247640                   1.411837                0.000000e+00               0.000000e+00                0.000000e+00                        0.000000                       0.000000                        0.000000                                  0.000000                                 0.000000                                  0.000000                      0.000000                     0.000000                      0.000000                          0.000000                         0.000000                          0.000000          3
      1            0.1  5000000.0      all_ssd        14.904324        0.517925         0.586087          0.567367         0.011007          0.012456          4513.841591           31.967005            36.174071          4337.704324          193.097900           218.510844          7111.837657          588.821916           666.314723          8788.437657          837.370712           947.574164                 221.548191                  1.569056                   1.775554          222.719667           1.559549            1.764796        9.122598e+05        6387.914345         7228.605571                 178.175733                  1.247640                   1.411837                0.000000e+00               0.000000e+00                0.000000e+00                        0.000000                       0.000000                        0.000000                                  0.000000                                 0.000000                                  0.000000                      0.000000                     0.000000                      0.000000                          0.000000                         0.000000                          0.000000          3
      1            0.1  1000000.0          lru        14.904324        0.517925         0.586087          0.567367         0.011007          0.012456          4185.622057           76.304249            86.346386          4298.904324          167.196412           189.200552          7266.904324          742.821941           840.582158          9135.904324          870.513635           985.078912                 238.966520                  4.394367                   4.972695          198.604667           3.624387            4.101380        8.134847e+05       14845.490964        16799.254481                 158.883733                  2.899510                   3.281104                4.688384e+07               2.006292e+06                2.270333e+06                    46883.840000                    2006.291648                     2270.332725                                 10.933333                                 0.230940                                  0.261333                 240408.000000                 10285.863454                  11639.550227                        240.408000                        10.285863                         11.639550          3
      1            0.1  1000000.0      all_ssd        14.904324        0.517925         0.586087          0.567367         0.011007          0.012456          4692.017324           33.214613            37.585873          4508.904324          200.729403           227.146703          7392.904324          612.150289           692.713263          9135.904324          870.513635           985.078912                 213.135063                  1.508831                   1.707403          222.719667           1.559549            1.764796        9.122598e+05        6387.914345         7228.605571                 178.175733                  1.247640                   1.411837                0.000000e+00               0.000000e+00                0.000000e+00                        0.000000                       0.000000                        0.000000                                  0.000000                                 0.000000                                  0.000000                      0.000000                     0.000000                      0.000000                          0.000000                         0.000000                          0.000000          3
      2            0.1 10000000.0 seconds_rule        36.579046       11.220539        12.697235          0.764100         0.012780          0.014462          7229.115546          120.302126           136.134672          7329.529046          148.379272           167.906953         10964.279046          564.634923           638.944565         13332.327046         1622.507045          1836.039563                 138.355298                  2.324615                   2.630550          357.835000           5.812239            6.577167        1.465692e+06       23806.929819        26940.077185                 286.268000                  4.649791                   5.261734                2.317978e+07               3.970878e+06                4.493472e+06                    23179.776000                    3970.878279                     4493.471781                                  4.666667                                 0.611010                                  0.691423                 113799.500000                 19496.060596                  22061.869433                        113.799500                        19.496061                         22.061869          3
      2            0.1 10000000.0   window_lfu        36.579046       11.220539        12.697235          0.764100         0.012780          0.014462          7276.134679          150.459633           170.261102          7379.779046          129.114993           146.107369         10965.954046          566.515063           641.072143         13332.327046         1622.507045          1836.039563                 137.475114                  2.865753                   3.242905          360.174333           7.147888            8.088597        1.475274e+06       29277.749956        33130.892965                 288.139467                  5.718311                   6.470878                2.406963e+07               4.423317e+06                5.005454e+06                    24069.632000                    4423.316993                     5005.454382                                  4.800000                                 0.692820                                  0.784000                 118167.900000                 21715.852469                  24573.800406                        118.167900                        21.715852                         24.573800          3
      2            0.1 10000000.0    naive_lfu        36.579046       11.220539        12.697235          0.764100         0.012780          0.014462          7276.134679          150.459633           170.261102          7379.779046          129.114993           146.107369         10965.954046          566.515063           641.072143         13332.327046         1622.507045          1836.039563                 137.475114                  2.865753                   3.242905          360.174333           7.147888            8.088597        1.475274e+06       29277.749956        33130.892965                 288.139467                  5.718311                   6.470878                2.406963e+07               4.423317e+06                5.005454e+06                    24069.632000                    4423.316993                     5005.454382                                  4.800000                                 0.692820                                  0.784000                 118167.900000                 21715.852469                  24573.800406                        118.167900                        21.715852                         24.573800          3
      2            0.1  5000000.0 seconds_rule        36.579046       11.220539        12.697235          0.764100         0.012780          0.014462          7264.899046          120.881008           136.789737          7365.812379          149.156611           168.786595         11018.645713          567.413620           642.088956         13398.475046         1630.564089          1845.156967                 137.673818                  2.312841                   2.617226          357.835000           5.812239            6.577167        1.465692e+06       23806.929819        26940.077185                 286.268000                  4.649791                   5.261734                2.317978e+07               3.970878e+06                4.493472e+06                    23179.776000                    3970.878279                     4493.471781                                  4.666667                                 0.611010                                  0.691423                 114365.666667                 19593.055922                  22171.629978                        114.365667                        19.593056                         22.171630          3
      2            0.1  5000000.0    naive_lfu        36.579046       11.220539        12.697235          0.764100         0.012780          0.014462          7312.152113          151.173108           171.068475          7416.312379          129.778839           146.858582         11020.329046          569.302931           644.226913         13398.475046         1630.564089          1845.156967                 136.797937                  2.851063                   3.226281          360.174333           7.147888            8.088597        1.475274e+06       29277.749956        33130.892965                 288.139467                  5.718311                   6.470878                2.406963e+07               4.423317e+06                5.005454e+06                    24069.632000                    4423.316993                     5005.454382                                  4.800000                                 0.692820                                  0.784000                 118755.800000                 21823.891536                  24696.058120                        118.755800                        21.823892                         24.696058          3
      2            0.1  5000000.0   window_lfu        36.579046       11.220539        12.697235          0.764100         0.012780          0.014462          7312.152113          151.173108           171.068475          7416.312379          129.778839           146.858582         11020.329046          569.302931           644.226913         13398.475046         1630.564089          1845.156967                 136.797937                  2.851063                   3.226281          360.174333           7.147888            8.088597        1.475274e+06       29277.749956        33130.892965                 288.139467                  5.718311                   6.470878                2.406963e+07               4.423317e+06                5.005454e+06                    24069.632000                    4423.316993                     5005.454382                                  4.800000                                 0.692820                                  0.784000                 118755.800000                 21823.891536                  24696.058120                        118.755800                        21.823892                         24.696058          3
      2            0.1  1000000.0 seconds_rule        36.579046       11.220539        12.697235          0.764100         0.012780          0.014462          7551.167046          125.512835           142.031144          7656.079046          155.375691           175.824146         11453.579046          589.643324           667.244235         13927.659046         1695.020500          1918.096263                 132.454492                  2.222785                   2.515318          357.835000           5.812239            6.577167        1.465692e+06       23806.929819        26940.077185                 286.268000                  4.649791                   5.261734                2.317978e+07               3.970878e+06                4.493472e+06                    23179.776000                    3970.878279                     4493.471781                                  4.666667                                 0.611010                                  0.691423                 118895.000000                 20369.018533                  23049.714333                        118.895000                        20.369019                         23.049714          3
      2            0.1  1000000.0    naive_lfu        36.579046       11.220539        12.697235          0.764100         0.012780          0.014462          7600.291579          156.881339           177.527948          7708.579046          135.090313           152.869080         11455.329046          591.606005           669.465217         13927.659046         1695.020500          1918.096263                 131.611586                  2.738751                   3.099189          360.174333           7.147888            8.088597        1.475274e+06       29277.749956        33130.892965                 288.139467                  5.718311                   6.470878                2.406963e+07               4.423317e+06                5.005454e+06                    24069.632000                    4423.316993                     5005.454382                                  4.800000                                 0.692820                                  0.784000                 123459.000000                 22688.204072                  25674.119827                        123.459000                        22.688204                         25.674120          3
      2            0.1  1000000.0   window_lfu        36.579046       11.220539        12.697235          0.764100         0.012780          0.014462          7600.291579          156.881339           177.527948          7708.579046          135.090313           152.869080         11455.329046          591.606005           669.465217         13927.659046         1695.020500          1918.096263                 131.611586                  2.738751                   3.099189          360.174333           7.147888            8.088597        1.475274e+06       29277.749956        33130.892965                 288.139467                  5.718311                   6.470878                2.406963e+07               4.423317e+06                5.005454e+06                    24069.632000                    4423.316993                     5005.454382                                  4.800000                                 0.692820                                  0.784000                 123459.000000                 22688.204072                  25674.119827                        123.459000                        22.688204                         25.674120          3
      2            0.1 10000000.0          lru        36.579046       11.220539        12.697235          0.764100         0.012780          0.014462          7710.000113           94.590714           107.039470          7751.629046           33.797240            38.245178         12044.654046          488.021681           552.248520         14795.071046         1179.067965          1334.241005                 129.714761                  1.598889                   1.809313          381.760000           4.375150            4.950949        1.563689e+06       17920.616028        20279.086076                 305.408000                  3.500120                   3.960759                4.755012e+07               2.164073e+05                2.448879e+05                    47550.122667                     216.407285                      244.887896                                 10.666667                                 0.230940                                  0.261333                 233387.800000                  1054.116772                   1192.845421                        233.387800                         1.054117                          1.192845          3
      2            0.1  5000000.0          lru        36.579046       11.220539        12.697235          0.764100         0.012780          0.014462          7748.176113           95.026091           107.532145          7790.012379           33.978644            38.450455         12104.395713          490.397561           554.937081         14868.496379         1184.952218          1340.899665                 129.075636                  1.590468                   1.799784          381.760000           4.375150            4.950949        1.563689e+06       17920.616028        20279.086076                 305.408000                  3.500120                   3.960759                4.755012e+07               2.164073e+05                2.448879e+05                    47550.122667                     216.407285                      244.887896                                 10.666667                                 0.230940                                  0.261333                 234548.933333                  1059.361135                   1198.779975                        234.548933                         1.059361                          1.198780          3
      2            0.1  1000000.0          lru        36.579046       11.220539        12.697235          0.764100         0.012780          0.014462          8053.584113           98.509789           111.474321          8097.079046           35.432849            40.096043         12582.329046          509.404632           576.445607         15455.899046         1232.026325          1394.169032                 124.180764                  1.526161                   1.727013          381.760000           4.375150            4.950949        1.563689e+06       17920.616028        20279.086076                 305.408000                  3.500120                   3.960759                4.755012e+07               2.164073e+05                2.448879e+05                    47550.122667                     216.407285                      244.887896                                 10.666667                                 0.230940                                  0.261333                 243838.000000                  1101.316031                   1246.256410                        243.838000                         1.101316                          1.246256          3
      2            0.1 10000000.0      all_ssd        36.579046       11.220539        12.697235          0.764100         0.012780          0.014462          8845.249946           58.474306            66.169907          8719.779046          185.660069           210.094146         13664.379046          720.744448           815.599123         15667.679046          968.946163          1096.465803                 113.058337                  0.750252                   0.848990          438.242333           2.720743            3.078810        1.795041e+06       11144.162471        12610.806997                 350.593867                  2.176594                   2.463048                0.000000e+00               0.000000e+00                0.000000e+00                        0.000000                       0.000000                        0.000000                                  0.000000                                 0.000000                                  0.000000                      0.000000                     0.000000                      0.000000                          0.000000                         0.000000                          0.000000          3
      2            0.1  5000000.0      all_ssd        36.579046       11.220539        12.697235          0.764100         0.012780          0.014462          8889.074179           58.741657            66.472442          8762.979046          186.612823           211.172289         13732.179046          724.349621           819.678760         15745.445713          973.758678          1101.911676                 112.500943                  0.746269                   0.844482          438.242333           2.720743            3.078810        1.795041e+06       11144.162471        12610.806997                 350.593867                  2.176594                   2.463048                0.000000e+00               0.000000e+00                0.000000e+00                        0.000000                       0.000000                        0.000000                                  0.000000                                 0.000000                                  0.000000                      0.000000                     0.000000                      0.000000                          0.000000                         0.000000                          0.000000          3
      2            0.1  1000000.0      all_ssd        36.579046       11.220539        12.697235          0.764100         0.012780          0.014462          9239.668046           60.881966            68.894430          9108.579046          194.235274           219.797904         14274.579046          753.191136           852.316006         16367.579046         1012.258904          1145.478783                 108.232141                  0.715874                   0.810088          438.242333           2.720743            3.078810        1.795041e+06       11144.162471        12610.806997                 350.593867                  2.176594                   2.463048                0.000000e+00               0.000000e+00                0.000000e+00                        0.000000                       0.000000                        0.000000                                  0.000000                                 0.000000                                  0.000000                      0.000000                     0.000000                      0.000000                          0.000000                         0.000000                          0.000000          3
      4            0.1 10000000.0 seconds_rule        62.150935        5.861042         6.632394          0.909333         0.004508          0.005101         13991.521369          213.925516           242.079510         14045.150935          111.783111           126.494498         20168.850935          967.376559          1094.689629         24471.724935         2129.227252          2409.447457                  71.483025                  1.095779                   1.239990          692.997667          10.878655           12.310358        2.838518e+06       44558.972899        50423.224596                 554.398133                  8.702924                   9.848286                1.851494e+07               6.162018e+06                6.972980e+06                    18514.944000                    6162.017890                     6972.979667                                  3.866667                                 1.154701                                  1.306667                  90912.300000                 30253.618344                  34235.192002                         90.912300                        30.253618                         34.235192          3
      4            0.1 10000000.0    naive_lfu        62.150935        5.861042         6.632394          0.909333         0.004508          0.005101         14058.512802          210.858835           238.609235         14058.517602          125.581522           142.108871         20264.325935         1027.560288          1162.793929         24471.724935         2129.227252          2409.447457                  71.141989                  1.071107                   1.212072          696.330667          10.716787           12.127186        2.852170e+06       43895.958163        49672.952793                 557.064533                  8.573429                   9.701749                1.705882e+07               3.697770e+06                4.184420e+06                    17058.816000                    3697.769809                     4184.420453                                  3.600000                                 0.692820                                  0.784000                  83750.000000                 18155.556105                  20544.945801                         83.750000                        18.155556                         20.544946          3
      4            0.1 10000000.0   window_lfu        62.150935        5.861042         6.632394          0.909333         0.004508          0.005101         14058.512802          210.858835           238.609235         14058.517602          125.581522           142.108871         20264.325935         1027.560288          1162.793929         24471.724935         2129.227252          2409.447457                  71.141989                  1.071107                   1.212072          696.330667          10.716787           12.127186        2.852170e+06       43895.958163        49672.952793                 557.064533                  8.573429                   9.701749                1.705882e+07               3.697770e+06                4.184420e+06                    17058.816000                    3697.769809                     4184.420453                                  3.600000                                 0.692820                                  0.784000                  83750.000000                 18155.556105                  20544.945801                         83.750000                        18.155556                         20.544946          3
      4            0.1  5000000.0 seconds_rule        62.150935        5.861042         6.632394          0.909333         0.004508          0.005101         14060.821135          215.013243           243.310389         14114.717602          112.344372           127.129625         20268.884269          972.208781          1100.157802         24593.165602         2139.837887          2421.454521                  71.130719                  1.090519                   1.234039          692.997667          10.878655           12.310358        2.838518e+06       44558.972899        50423.224596                 554.398133                  8.702924                   9.848286                1.851494e+07               6.162018e+06                6.972980e+06                    18514.944000                    6162.017890                     6972.979667                                  3.866667                                 1.154701                                  1.306667                  91364.600000                 30404.133858                  34405.516341                         91.364600                        30.404134                         34.405516          3
      4            0.1  5000000.0   window_lfu        62.150935        5.861042         6.632394          0.909333         0.004508          0.005101         14128.145869          211.930353           239.821771         14128.150935          126.218023           142.829138         20364.834269         1032.688114          1168.596611         24593.165602         2139.837887          2421.454521                  70.791356                  1.065963                   1.206250          696.330667          10.716787           12.127186        2.852170e+06       43895.958163        49672.952793                 557.064533                  8.573429                   9.701749                1.705882e+07               3.697770e+06                4.184420e+06                    17058.816000                    3697.769809                     4184.420453                                  3.600000                                 0.692820                                  0.784000                  84166.666667                 18245.882255                  20647.159461                         84.166667                        18.245882                         20.647159          3
      4            0.1  5000000.0    naive_lfu        62.150935        5.861042         6.632394          0.909333         0.004508          0.005101         14128.145869          211.930353           239.821771         14128.150935          126.218023           142.829138         20364.834269         1032.688114          1168.596611         24593.165602         2139.837887          2421.454521                  70.791356                  1.065963                   1.206250          696.330667          10.716787           12.127186        2.852170e+06       43895.958163        49672.952793                 557.064533                  8.573429                   9.701749                1.705882e+07               3.697770e+06                4.184420e+06                    17058.816000                    3697.769809                     4184.420453                                  3.600000                                 0.692820                                  0.784000                  84166.666667                 18245.882255                  20647.159461                         84.166667                        18.245882                         20.647159          3
      4            0.1  1000000.0 seconds_rule        62.150935        5.861042         6.632394          0.909333         0.004508          0.005101         14615.219269          223.715108           253.157477         14671.250935          116.834709           132.210919         21069.150935         1010.866567          1143.903206         25564.690935         2224.722978          2517.511044                  68.432543                  1.050192                   1.188404          692.997667          10.878655           12.310358        2.838518e+06       44558.972899        50423.224596                 554.398133                  8.702924                   9.848286                1.851494e+07               6.162018e+06                6.972980e+06                    18514.944000                    6162.017890                     6972.979667                                  3.866667                                 1.154701                                  1.306667                  94983.000000                 31608.257972                  35768.111047                         94.983000                        31.608258                         35.768111          3
      4            0.1  1000000.0   window_lfu        62.150935        5.861042         6.632394          0.909333         0.004508          0.005101         14685.210402          220.502552           249.522127         14685.217602          131.310216           148.591497         21168.900935         1073.710746          1215.018089         25564.690935         2224.722978          2517.511044                  68.105997                  1.026520                   1.161617          696.330667          10.716787           12.127186        2.852170e+06       43895.958163        49672.952793                 557.064533                  8.573429                   9.701749                1.705882e+07               3.697770e+06                4.184420e+06                    17058.816000                    3697.769809                     4184.420453                                  3.600000                                 0.692820                                  0.784000                  87500.000000                 18968.491453                  21464.868747                         87.500000                        18.968491                         21.464869          3
      4            0.1  1000000.0    naive_lfu        62.150935        5.861042         6.632394          0.909333         0.004508          0.005101         14685.210402          220.502552           249.522127         14685.217602          131.310216           148.591497         21168.900935         1073.710746          1215.018089         25564.690935         2224.722978          2517.511044                  68.105997                  1.026520                   1.161617          696.330667          10.716787           12.127186        2.852170e+06       43895.958163        49672.952793                 557.064533                  8.573429                   9.701749                1.705882e+07               3.697770e+06                4.184420e+06                    17058.816000                    3697.769809                     4184.420453                                  3.600000                                 0.692820                                  0.784000                  87500.000000                 18968.491453                  21464.868747                         87.500000                        18.968491                         21.464869          3
      4            0.1 10000000.0          lru        62.150935        5.861042         6.632394          0.909333         0.004508          0.005101         15441.921502          407.940629           461.628279         15093.600935          108.457702           122.731444         23928.220935         1673.891752          1894.186834         26247.760935         1771.291330          2004.404832                  64.789353                  1.735936                   1.964397          765.158333          20.401790           23.086799        3.134089e+06       83565.731552        94563.527309                 612.126667                 16.321432                  18.469439                4.875998e+07               2.131304e+06                2.411797e+06                    48759.978667                    2131.303571                     2411.797033                                 11.200000                                 0.400000                                  0.452643                 239324.000000                 10447.560307                  11822.527441                        239.324000                        10.447560                         11.822527          3
      4            0.1  5000000.0          lru        62.150935        5.861042         6.632394          0.909333         0.004508          0.005101         15518.437335          409.980627           463.936754         15168.384269          109.014739           123.361790         24046.957602         1682.242662          1903.636778         26378.037602         1780.115803          2014.390662                  64.469902                  1.727459                   1.954804          765.158333          20.401790           23.086799        3.134089e+06       83565.731552        94563.527309                 612.126667                 16.321432                  18.469439                4.875998e+07               2.131304e+06                2.411797e+06                    48759.978667                    2131.303571                     2411.797033                                 11.200000                                 0.400000                                  0.452643                 240514.666667                 10499.538219                  11881.345986                        240.514667                        10.499538                         11.881346          3
      4            0.1 10000000.0      all_ssd        62.150935        5.861042         6.632394          0.909333         0.004508          0.005101         17472.275135          281.976130           319.086029         17381.650935          529.438623           599.116201         24952.985935         1261.084899          1427.051903         26822.821935         1573.977026          1781.122676                  57.243556                  0.931761                   1.054387          866.175333          14.205628           16.075181        3.547854e+06       58186.250768        65843.941187                 692.940267                 11.364502                  12.860145                0.000000e+00               0.000000e+00                0.000000e+00                        0.000000                       0.000000                        0.000000                                  0.000000                                 0.000000                                  0.000000                      0.000000                     0.000000                      0.000000                          0.000000                         0.000000                          0.000000          3
      4            0.1  1000000.0          lru        62.150935        5.861042         6.632394          0.909333         0.004508          0.005101         16130.564002          426.300676           482.404628         15766.650935          113.471207           128.404758         24996.850935         1749.049946          1979.236336         27420.250935         1850.711593          2094.277320                  62.023403                  1.662507                   1.881304          765.158333          20.401790           23.086799        3.134089e+06       83565.731552        94563.527309                 612.126667                 16.321432                  18.469439                4.875998e+07               2.131304e+06                2.411797e+06                    48759.978667                    2131.303571                     2411.797033                                 11.200000                                 0.400000                                  0.452643                 250040.000000                 10915.361515                  12351.894341                        250.040000                        10.915362                         12.351894          3
      4            0.1  5000000.0      all_ssd        62.150935        5.861042         6.632394          0.909333         0.004508          0.005101         17558.892669          283.396502           320.693332         17467.817602          532.096261           602.123602         25076.820935         1267.379997          1434.175478         26955.959602         1581.819554          1789.997333                  56.961176                  0.927238                   1.049268          866.175333          14.205628           16.075181        3.547854e+06       58186.250768        65843.941187                 692.940267                 11.364502                  12.860145                0.000000e+00               0.000000e+00                0.000000e+00                        0.000000                       0.000000                        0.000000                                  0.000000                                 0.000000                                  0.000000                      0.000000                     0.000000                      0.000000                          0.000000                         0.000000                          0.000000          3
      4            0.1  1000000.0      all_ssd        62.150935        5.861042         6.632394          0.909333         0.004508          0.005101         18251.832935          294.759546           333.551827         18157.150935          553.357388           626.182832         26067.500935         1317.740799          1491.164090         28021.060935         1644.559795          1860.994599                  54.798628                  0.892576                   1.010045          866.175333          14.205628           16.075181        3.547854e+06       58186.250768        65843.941187                 692.940267                 11.364502                  12.860145                0.000000e+00               0.000000e+00                0.000000e+00                        0.000000                       0.000000                        0.000000                                  0.000000                                 0.000000                                  0.000000                      0.000000                     0.000000                      0.000000                          0.000000                         0.000000                          0.000000          3
      8            0.1 10000000.0    naive_lfu       112.704782       16.779694        18.988011          0.981433         0.002454          0.002777         27631.090049          261.637255           296.070425         27569.438116           41.870714            47.381174         38674.558116         3330.480158          3768.793087         44675.744782         4549.494530          5148.237707                  36.193275                  0.341890                   0.386885         1369.062000          12.183184           13.786571        5.607678e+06       49902.323113        56469.794578                1095.249600                  9.746547                  11.029257                1.637854e+07               3.154930e+06                3.570139e+06                    16378.538667                    3154.929889                     3570.139256                                  3.333333                                 0.611010                                  0.691423                  80393.300000                 15478.883717                  17516.005854                         80.393300                        15.478884                         17.516006          3
      8            0.1 10000000.0   window_lfu       112.704782       16.779694        18.988011          0.981433         0.002454          0.002777         27664.267649          219.852817           248.786883         27589.571449           57.500641            65.068101         38695.328116         3294.526916          3728.108164         44675.744782         4549.494530          5148.237707                  36.149229                  0.286214                   0.323881         1370.712667          10.108247           11.438558        5.614439e+06       41403.378278        46852.333124                1096.570133                  8.086597                   9.150846                1.839616e+07               3.218729e+06                3.642334e+06                    18396.160000                    3218.728752                     3642.334467                                  3.733333                                 0.611010                                  0.691423                  90302.600000                 15786.452646                  17864.052862                         90.302600                        15.786453                         17.864053          3
      8            0.1  5000000.0    naive_lfu       112.704782       16.779694        18.988011          0.981433         0.002454          0.002777         27767.996249          262.855564           297.449072         27706.038116           42.029765            47.561157         38866.408116         3346.989675          3787.475364         44897.451449         4572.077099          5173.792290                  36.014828                  0.340103                   0.384863         1369.062000          12.183184           13.786571        5.607678e+06       49902.323113        56469.794578                1095.249600                  9.746547                  11.029257                1.637854e+07               3.154930e+06                3.570139e+06                    16378.538667                    3154.929889                     3570.139256                                  3.333333                                 0.611010                                  0.691423                  80793.266667                 15555.893088                  17603.150162                         80.793267                        15.555893                         17.603150          3
      8            0.1  5000000.0   window_lfu       112.704782       16.779694        18.988011          0.981433         0.002454          0.002777         27801.338916          220.863601           249.930693         27726.271449           57.788603            65.393960         38887.281449         3310.857583          3746.588053         44897.451449         4572.077099          5173.792290                  35.970998                  0.284702                   0.322170         1370.712667          10.108247           11.438558        5.614439e+06       41403.378278        46852.333124                1096.570133                  8.086597                   9.150846                1.839616e+07               3.218729e+06                3.642334e+06                    18396.160000                    3218.728752                     3642.334467                                  3.733333                                 0.611010                                  0.691423                  90751.866667                 15864.992211                  17952.928746                         90.751867                        15.864992                         17.952929          3
      8            0.1 10000000.0 seconds_rule       112.704782       16.779694        18.988011          0.981433         0.002454          0.002777         27929.993616          601.130442           680.243132         27810.604782          166.804404           188.756953         39201.914782         3693.722589          4179.840593         44675.744782         4549.494530          5148.237707                  35.814903                  0.773616                   0.875429         1383.933000          29.111078           32.942286        5.668590e+06      119238.976802       134931.604495                1107.146400                 23.288863                  26.353829                3.199505e+07               3.653157e+06                4.133936e+06                    31995.050667                    3653.156860                     4133.936149                                  6.266667                                 0.611010                                  0.691423                 157054.700000                 17939.543709                  20300.504764                        157.054700                        17.939544                         20.300505          3
      8            0.1  5000000.0 seconds_rule       112.704782       16.779694        18.988011          0.981433         0.002454          0.002777         28068.386916          604.041445           683.537242         27948.404782          167.680622           189.748487         39396.388116         3712.029719          4200.557061         44897.451449         4572.077099          5173.792290                  35.638312                  0.769716                   0.871016         1383.933000          29.111078           32.942286        5.668590e+06      119238.976802       134931.604495                1107.146400                 23.288863                  26.353829                3.199505e+07               3.653157e+06                4.133936e+06                    31995.050667                    3653.156860                     4133.936149                                  6.266667                                 0.611010                                  0.691423                 157836.066667                 18028.795170                  20401.502300                        157.836067                        18.028795                         20.401502          3
      8            0.1  1000000.0    naive_lfu       112.704782       16.779694        18.988011          0.981433         0.002454          0.002777         28863.245849          272.602043           308.478251         28798.838116           43.306081            49.005444         40401.208116         3479.065845          3936.933620         46671.104782         4752.737688          5378.228992                  34.648194                  0.326456                   0.369420         1369.062000          12.183184           13.786571        5.607678e+06       49902.323113        56469.794578                1095.249600                  9.746547                  11.029257                1.637854e+07               3.154930e+06                3.570139e+06                    16378.538667                    3154.929889                     3570.139256                                  3.333333                                 0.611010                                  0.691423                  83993.000000                 16171.968062                  18300.304623                         83.993000                        16.171968                         18.300305          3
      8            0.1  1000000.0   window_lfu       112.704782       16.779694        18.988011          0.981433         0.002454          0.002777         28897.909049          228.949888           259.081187         28819.871449           60.096533            68.005629         40422.908116         3441.502952          3894.427206         46671.104782         4752.737688          5378.228992                  34.606023                  0.273154                   0.309103         1370.712667          10.108247           11.438558        5.614439e+06       41403.378278        46852.333124                1096.570133                  8.086597                   9.150846                1.839616e+07               3.218729e+06                3.642334e+06                    18396.160000                    3218.728752                     3642.334467                                  3.733333                                 0.611010                                  0.691423                  94346.000000                 16493.308734                  18663.935825                         94.346000                        16.493309                         18.663936          3
      8            0.1  1000000.0 seconds_rule       112.704782       16.779694        18.988011          0.981433         0.002454          0.002777         29175.533316          627.329499           709.890156         29050.804782          174.691343           197.681864         40952.174782         3858.486780          4366.288827         46671.104782         4752.737688          5378.228992                  34.285900                  0.739878                   0.837251         1383.933000          29.111078           32.942286        5.668590e+06      119238.976802       134931.604495                1107.146400                 23.288863                  26.353829                3.199505e+07               3.653157e+06                4.133936e+06                    31995.050667                    3653.156860                     4133.936149                                  6.266667                                 0.611010                                  0.691423                 164087.000000                 18742.806860                  21209.482589                        164.087000                        18.742807                         21.209483          3
      8            0.1 10000000.0          lru       112.704782       16.779694        18.988011          0.981433         0.002454          0.002777         30803.849916         1595.439826          1805.410121         30326.388116          398.276388           450.692160         44136.729782         4537.173150          5134.294754         46138.086782         3269.898513          3700.238502                  32.523411                  1.735833                   1.964280         1526.914000          78.788141           89.157175        6.254240e+06      322716.225296       365187.787111                1221.531200                 63.030513                  71.325740                4.163584e+07               4.074449e+06                4.610673e+06                    41635.840000                    4074.448679                     4610.672722                                 10.266667                                 0.230940                                  0.261333                 204363.400000                 19986.166259                  22616.476200                        204.363400                        19.986166                         22.616476          3
      8            0.1  5000000.0          lru       112.704782       16.779694        18.988011          0.981433         0.002454          0.002777         30956.541316         1603.318419          1814.325589         30476.704782          400.196714           452.865214         44355.754782         4559.692286          5159.777555         46367.068782         3286.114988          3718.589171                  32.362988                  1.727237                   1.954553         1526.914000          78.788141           89.157175        6.254240e+06      322716.225296       365187.787111                1221.531200                 63.030513                  71.325740                4.163584e+07               4.074449e+06                4.610673e+06                    41635.840000                    4074.448679                     4610.672722                                 10.266667                                 0.230940                                  0.261333                 205380.133333                 20085.599922                  22728.995982                        205.380133                        20.085600                         22.728996          3
      8            0.1 10000000.0      all_ssd       112.704782       16.779694        18.988011          0.981433         0.002454          0.002777         34426.821782          912.245300          1032.302737         33230.804782          679.663321           769.111450         45299.179782         2966.075975          3356.430935         46745.575782         2373.519548          2685.890214                  29.060933                  0.781950                   0.884860         1707.170000          44.748225           50.637384        6.992568e+06      183288.730852       207410.724269                1365.736000                 35.798580                  40.509907                0.000000e+00               0.000000e+00                0.000000e+00                        0.000000                       0.000000                        0.000000                                  0.000000                                 0.000000                                  0.000000                      0.000000                     0.000000                      0.000000                          0.000000                         0.000000                          0.000000          3
      8            0.1  5000000.0      all_ssd       112.704782       16.779694        18.988011          0.981433         0.002454          0.002777         34597.538782          916.719804          1037.366114         33395.571449          682.998146           772.885160         45523.988116         2980.785597          3373.076439         46977.580116         2385.278160          2699.196336                  28.917534                  0.778049                   0.880446         1707.170000          44.748225           50.637384        6.992568e+06      183288.730852       207410.724269                1365.736000                 35.798580                  40.509907                0.000000e+00               0.000000e+00                0.000000e+00                        0.000000                       0.000000                        0.000000                                  0.000000                                 0.000000                                  0.000000                      0.000000                     0.000000                      0.000000                          0.000000                         0.000000                          0.000000          3
      8            0.1  1000000.0          lru       112.704782       16.779694        18.988011          0.981433         0.002454          0.002777         32178.072516         1666.347243          1885.649418         31679.238116          415.559603           470.249960         46107.954782         4739.845403          5363.639998         48198.924782         3415.846833          3865.394574                  31.134421                  1.661417                   1.880071         1526.914000          78.788141           89.157175        6.254240e+06      322716.225296       365187.787111                1221.531200                 63.030513                  71.325740                4.163584e+07               4.074449e+06                4.610673e+06                    41635.840000                    4074.448679                     4610.672722                                 10.266667                                 0.230940                                  0.261333                 213514.000000                 20881.069225                  23629.154239                        213.514000                        20.881069                         23.629154          3
      8            0.1  1000000.0      all_ssd       112.704782       16.779694        18.988011          0.981433         0.002454          0.002777         35963.274782          952.515940          1077.873255         34713.704782          709.676988           803.075112         47322.454782         3098.462625          3506.240532         48833.614782         2479.347124          2805.645389                  27.819355                  0.748192                   0.846659         1707.170000          44.748225           50.637384        6.992568e+06      183288.730852       207410.724269                1365.736000                 35.798580                  40.509907                0.000000e+00               0.000000e+00                0.000000e+00                        0.000000                       0.000000                        0.000000                                  0.000000                                 0.000000                                  0.000000                      0.000000                     0.000000                      0.000000                          0.000000                         0.000000                          0.000000          3
     16            0.1 10000000.0    naive_lfu       204.390386       17.299533        19.576265          0.998833         0.000551          0.000623         54757.555453         1026.558275          1161.660045         53409.423720         2243.028679          2538.225895         75021.752053         8274.998907          9364.042779         80479.971053         6705.756559          7588.277894                  18.266557                  0.339044                   0.383664         2714.064000          50.497634           57.143452        1.111681e+07      206838.308434       234059.579984                2171.251200                 40.398107                  45.714762                1.388698e+07               3.361009e+06                3.803340e+06                    13886.976000                    3361.008898                     3803.339608                                  2.933333                                 0.611010                                  0.691423                  68159.100000                 16495.672134                  18666.610264                         68.159100                        16.495672                         18.666610          3
     16            0.1 10000000.0   window_lfu       204.390386       17.299533        19.576265          0.998833         0.000551          0.000623         54892.309953         1155.883210          1308.004986         53429.457053         2224.307362          2517.040730         75021.752053         8274.998907          9364.042779         80479.971053         6705.756559          7588.277894                  18.222811                  0.379195                   0.429100         2720.768333          56.973489           64.471572        1.114427e+07      233363.410674       264075.558825                2176.614667                 45.578791                  51.577258                1.753958e+07               4.259247e+06                4.819792e+06                    17539.584000                    4259.247251                     4819.791992                                  3.733333                                 0.832666                                  0.942251                  86095.000000                 20905.761897                  23657.096627                         86.095000                        20.905762                         23.657097          3
     16            0.1  5000000.0   window_lfu       204.390386       17.299533        19.576265          0.998833         0.000551          0.000623         55164.386786         1161.580163          1314.451695         53694.257053         2235.416678          2529.612104         75393.977053         8316.084419          9410.535413         80879.351720         6739.040295          7625.941987                  18.132934                  0.377315                   0.426972         2720.768333          56.973489           64.471572        1.114427e+07      233363.410674       264075.558825                2176.614667                 45.578791                  51.577258                1.753958e+07               4.259247e+06                4.819792e+06                    17539.584000                    4259.247251                     4819.791992                                  3.733333                                 0.832666                                  0.942251                  86523.333333                 21009.770663                  23774.793625                         86.523333                        21.009771                         23.774794          3
     16            0.1  5000000.0    naive_lfu       204.390386       17.299533        19.576265          0.998833         0.000551          0.000623         55028.961853         1031.607638          1167.373937         53674.123720         2254.238172          2550.910631         75393.977053         8316.084419          9410.535413         80879.351720         6739.040295          7625.941987                  18.176465                  0.337359                   0.381758         2714.064000          50.497634           57.143452        1.111681e+07      206838.308434       234059.579984                2171.251200                 40.398107                  45.714762                1.388698e+07               3.361009e+06                3.803340e+06                    13886.976000                    3361.008898                     3803.339608                                  2.933333                                 0.611010                                  0.691423                  68498.200000                 16577.740155                  18759.478972                         68.498200                        16.577740                         18.759479          3
     16            0.1 10000000.0 seconds_rule       204.390386       17.299533        19.576265          0.998833         0.000551          0.000623         55712.339186         2539.395815          2873.596881         53851.823720         1934.478004          2189.067937         76782.445386         9748.379866         11031.330290         81993.836386         7623.912264          8627.268884                  17.973612                  0.798589                   0.903689         2761.566667         125.805434          142.362250        1.131138e+07      515299.057052       583115.776632                2209.253333                100.644347                 113.889800                2.616047e+07               1.120325e+07                1.267768e+07                    26160.469333                   11203.253768                    12677.675095                                  5.600000                                 2.400000                                  2.715856                 128398.800000                 54975.153540                  62210.242602                        128.398800                        54.975154                         62.210243          3
     16            0.1  5000000.0 seconds_rule       204.390386       17.299533        19.576265          0.998833         0.000551          0.000623         55988.495853         2551.976178          2887.832902         54118.723720         1944.159200          2200.023241         77163.430386         9796.793059         11086.114975         82400.749053         7661.756438          8670.093598                  17.884959                  0.794648                   0.899229         2761.566667         125.805434          142.362250        1.131138e+07      515299.057052       583115.776632                2209.253333                100.644347                 113.889800                2.616047e+07               1.120325e+07                1.267768e+07                    26160.469333                   11203.253768                    12677.675095                                  5.600000                                 2.400000                                  2.715856                 129037.600000                 55248.661767                  62519.746297                        129.037600                        55.248662                         62.519746          3
     16            0.1  1000000.0    naive_lfu       204.390386       17.299533        19.576265          0.998833         0.000551          0.000623         57200.213053         1072.002675          1213.085225         55791.723720         2343.914189          2652.388597         78371.777053         8644.768520          9782.476487         84074.397053         7005.310191          7927.254740                  17.486506                  0.324459                   0.367160         2714.064000          50.497634           57.143452        1.111681e+07      206838.308434       234059.579984                2171.251200                 40.398107                  45.714762                1.388698e+07               3.361009e+06                3.803340e+06                    13886.976000                    3361.008898                     3803.339608                                  2.933333                                 0.611010                                  0.691423                  71211.000000                 17234.284319                  19502.428634                         71.211000                        17.234284                         19.502429          3
     16            0.1  1000000.0   window_lfu       204.390386       17.299533        19.576265          0.998833         0.000551          0.000623         57341.001453         1207.155924          1366.025524         55812.657053         2324.291293          2630.183200         78371.777053         8644.768520          9782.476487         84074.397053         7005.310191          7927.254740                  17.444621                  0.362915                   0.410677         2720.768333          56.973489           64.471572        1.114427e+07      233363.410674       264075.558825                2176.614667                 45.578791                  51.577258                1.753958e+07               4.259247e+06                4.819792e+06                    17539.584000                    4259.247251                     4819.791992                                  3.733333                                 0.832666                                  0.942251                  89950.000000                 21841.840788                  24716.369611                         89.950000                        21.841841                         24.716370          3
     16            0.1  1000000.0 seconds_rule       204.390386       17.299533        19.576265          0.998833         0.000551          0.000623         58197.749186         2652.619146          3001.721141         56253.923720         2021.608844          2287.665765         80211.310386        10184.098599         11524.392453         85656.050386         7964.509829          9012.691311                  17.206024                  0.764464                   0.865073         2761.566667         125.805434          142.362250        1.131138e+07      515299.057052       583115.776632                2209.253333                100.644347                 113.889800                2.616047e+07               1.120325e+07                1.267768e+07                    26160.469333                   11203.253768                    12677.675095                                  5.600000                                 2.400000                                  2.715856                 134148.000000                 57436.727579                  64995.775853                        134.148000                        57.436728                         64.995776          3
     16            0.1 10000000.0          lru       204.390386       17.299533        19.576265          0.998833         0.000551          0.000623         60443.729553         3494.499513          3954.398459         57938.423720         1007.052400          1139.587070         81337.370386         7286.798852          8245.789147         83760.827386         6778.190236          7670.244317                  16.582476                  0.990194                   1.120510         2996.965667         173.012117          195.781641        1.227557e+07      708657.630303       801921.600293                2397.572533                138.409693                 156.625313                3.748881e+07               5.024352e+06                5.685589e+06                    37488.810667                    5024.351907                     5685.589415                                  9.200000                                 0.800000                                  0.905285                 184015.500000                 24666.565712                  27912.846773                        184.015500                        24.666566                         27.912847          3
     16            0.1  5000000.0          lru       204.390386       17.299533        19.576265          0.998833         0.000551          0.000623         60743.426120         3511.800716          3973.976614         58225.657053         1012.056987          1145.250293         81741.017053         7322.967539          8286.717869         84176.531053         6811.827303          7708.308241                  16.500661                  0.985301                   1.114973         2996.965667         173.012117          195.781641        1.227557e+07      708657.630303       801921.600293                2397.572533                138.409693                 156.625313                3.748881e+07               5.024352e+06                5.685589e+06                    37488.810667                    5024.351907                     5685.589415                                  9.200000                                 0.800000                                  0.905285                 184931.000000                 24789.284944                  28051.716658                        184.931000                        24.789285                         28.051717          3
     16            0.1 10000000.0      all_ssd       204.390386       17.299533        19.576265          0.998833         0.000551          0.000623         67440.015986         2251.866906          2548.227290         64896.240386         5225.652072          5913.381996         82896.795386         5905.438088          6682.632289         84726.431386         5197.682978          5881.731987                  14.839224                  0.504579                   0.570985         3345.056000         111.192242          125.825867        1.370135e+07      455443.423122       515382.750562                2676.044800                 88.953794                 100.660693                0.000000e+00               0.000000e+00                0.000000e+00                        0.000000                       0.000000                        0.000000                                  0.000000                                 0.000000                                  0.000000                      0.000000                     0.000000                      0.000000                          0.000000                         0.000000                          0.000000          3
     16            0.1  5000000.0      all_ssd       204.390386       17.299533        19.576265          0.998833         0.000551          0.000623         67774.521586         2262.986115          2560.809860         65218.090386         5251.607167          5942.752951         83308.200386         5934.734508          6715.784308         85146.939053         5223.457130          5910.898185                  14.765983                  0.502077                   0.568154         3345.056000         111.192242          125.825867        1.370135e+07      455443.423122       515382.750562                2676.044800                 88.953794                 100.660693                0.000000e+00               0.000000e+00                0.000000e+00                        0.000000                       0.000000                        0.000000                                  0.000000                                 0.000000                                  0.000000                      0.000000                     0.000000                      0.000000                          0.000000                         0.000000                          0.000000          3
     16            0.1  1000000.0          lru       204.390386       17.299533        19.576265          0.998833         0.000551          0.000623         63140.998653         3650.210347          4130.601856         60523.523720         1052.093935          1190.556365         84970.190386         7612.317034          8614.147645         87502.160386         7080.923840          8012.819639                  15.874098                  0.947832                   1.072573         2996.965667         173.012117          195.781641        1.227557e+07      708657.630303       801921.600293                2397.572533                138.409693                 156.625313                3.748881e+07               5.024352e+06                5.685589e+06                    37488.810667                    5024.351907                     5685.589415                                  9.200000                                 0.800000                                  0.905285                 192255.000000                 25771.038803                  29162.675733                        192.255000                        25.771039                         29.162676          3
     16            0.1  1000000.0      all_ssd       204.390386       17.299533        19.576265          0.998833         0.000551          0.000623         70450.566386         2351.939795          2661.470424         67792.890386         5459.247968          6177.720636         86599.440386         6169.105867          6981.000468         88511.000386         5429.650344          6144.227771                  14.205098                  0.482922                   0.546478         3345.056000         111.192242          125.825867        1.370135e+07      455443.423122       515382.750562                2676.044800                 88.953794                 100.660693                0.000000e+00               0.000000e+00                0.000000e+00                        0.000000                       0.000000                        0.000000                                  0.000000                                 0.000000                                  0.000000                      0.000000                     0.000000                      0.000000                          0.000000                         0.000000                          0.000000          3
     32            0.1 10000000.0    naive_lfu       455.731702       59.686880        67.542064          0.999933         0.000058          0.000065        112974.084402         1360.242401          1539.259180        113438.665035        14432.125265         16331.487157        132034.148369        10378.117655         11743.945682        133954.167369        11211.445913         12686.945379                   8.852446                  0.106994                   0.121075         5597.888333          66.085056           74.782280        2.292895e+07      270684.387945       306308.220321                4478.310667                 52.868045                  59.825824                8.253781e+06               2.363759e+06                2.674845e+06                     8253.781333                    2363.758798                     2674.844885                                  2.533333                                 0.230940                                  0.261333                  40521.600000                 11605.535308                  13132.899511                         40.521600                        11.605535                         13.132900          3
     32            0.1 10000000.0 seconds_rule       455.731702       59.686880        67.542064          0.999933         0.000058          0.000065        113309.886169         1203.164115          1361.508366        111626.148369        11384.472039         12882.742873        132489.748369         9441.088047         10683.596862        135482.504702         8209.587718          9290.023050                   8.826023                  0.094296                   0.106706         5614.596000          57.532532           65.104189        2.299739e+07      235653.250135       266666.756105                4491.676800                 46.026025                  52.083351                1.895066e+07               6.938751e+06                7.851936e+06                    18950.656000                    6938.750714                     7851.935602                                  6.000000                                 1.442221                                  1.632026                  93036.200000                 34051.561413                  38532.969170                         93.036200                        34.051561                         38.532969          3
     32            0.1  5000000.0    naive_lfu       455.731702       59.686880        67.542064          0.999933         0.000058          0.000065        113533.873235         1366.846301          1546.732196        114000.765035        14503.789052         16412.582366        132688.765035        10429.998153         11802.653993        134618.336369        11267.479223         12750.353038                   8.808798                  0.106456                   0.120466         5597.888333          66.085056           74.782280        2.292895e+07      270684.387945       306308.220321                4478.310667                 52.868045                  59.825824                8.253781e+06               2.363759e+06                2.674845e+06                     8253.781333                    2363.758798                     2674.844885                                  2.533333                                 0.230940                                  0.261333                  40723.200000                 11663.274290                  13198.237320                         40.723200                        11.663274                         13.198237          3
     32            0.1  5000000.0 seconds_rule       455.731702       59.686880        67.542064          0.999933         0.000058          0.000065        113871.345769         1208.914561          1368.015609        112179.231702        11440.927397         12946.628125        133146.631702         9488.309601         10737.033080        136154.277702         8250.680919          9336.524386                   8.782505                  0.093814                   0.106161         5614.596000          57.532532           65.104189        2.299739e+07      235653.250135       266666.756105                4491.676800                 46.026025                  52.083351                1.895066e+07               6.938751e+06                7.851936e+06                    18950.656000                    6938.750714                     7851.935602                                  6.000000                                 1.442221                                  1.632026                  93499.066667                 34220.972166                  38724.675485                         93.499067                        34.220972                         38.724675          3
     32            0.1 10000000.0   window_lfu       455.731702       59.686880        67.542064          0.999933         0.000058          0.000065        113135.264935         1366.173024          1545.970311        113679.565035        14552.257047         16467.429065        134244.683369         6279.608543          7106.046018        135990.499035         7716.047989          8731.530272                   8.839841                  0.107388                   0.121520         5605.907667          66.018701           74.707193        2.296180e+07      270412.599005       306000.662182                4484.726133                 52.814961                  59.765754                1.301862e+07               6.114576e+06                6.919294e+06                    13018.624000                    6114.575900                     6919.294002                                  4.266667                                 1.514376                                  1.713677                  63918.000000                 30007.374754                  33956.541148                         63.918000                        30.007375                         33.956541          3
     32            0.1  5000000.0   window_lfu       455.731702       59.686880        67.542064          0.999933         0.000058          0.000065        113695.855702         1372.771245          1553.436902        114242.865035        14624.518650         16549.200768        134910.298369         6311.079692          7141.658975        136664.799702         7754.678117          8775.244377                   8.796255                  0.106844                   0.120906         5605.907667          66.018701           74.707193        2.296180e+07      270412.599005       306000.662182                4484.726133                 52.814961                  59.765754                1.301862e+07               6.114576e+06                6.919294e+06                    13018.624000                    6114.575900                     6919.294002                                  4.266667                                 1.514376                                  1.713677                  64236.000000                 30156.665176                  34125.479164                         64.236000                        30.156665                         34.125479          3
     32            0.1 10000000.0          lru       455.731702       59.686880        67.542064          0.999933         0.000058          0.000065        112741.436202         1123.389179          1271.234528        111032.965035         8726.378781          9874.827191        136461.643369         7657.658719          8665.456592        137926.866702         8177.127672          9253.291051                   8.870437                  0.087891                   0.099458         5586.321000          56.534117           63.974376        2.288157e+07      231563.742291       262039.042335                4469.056800                 45.227293                  51.179500                2.296303e+07               9.716004e+06                1.099469e+07                    22963.029333                    9716.004155                    10994.693724                                  5.866667                                 1.514376                                  1.713677                 112734.200000                 47679.489300                  53954.421325                        112.734200                        47.679489                         53.954421          3
     32            0.1  5000000.0          lru       455.731702       59.686880        67.542064          0.999933         0.000058          0.000065        113300.068302         1129.035121          1277.623513        111583.098369         8769.659536          9923.803976        137138.288369         7696.017210          8708.863311        138610.801702         8218.068896          9299.620407                   8.826701                  0.087464                   0.098975         5586.321000          56.534117           63.974376        2.288157e+07      231563.742291       262039.042335                4469.056800                 45.227293                  51.179500                2.296303e+07               9.716004e+06                1.099469e+07                    22963.029333                    9716.004155                    10994.693724                                  5.866667                                 1.514376                                  1.713677                 113295.066667                 47916.700690                  54222.851282                        113.295067                        47.916701                         54.222851          3
     32            0.1  1000000.0    naive_lfu       455.731702       59.686880        67.542064          0.999933         0.000058          0.000065        118012.183902         1419.679040          1606.518069        118497.565035        15077.099510         17061.344224        137925.698369        10845.042232         12272.320582        139931.688369        11715.745778         13257.614398                   8.474522                  0.102335                   0.115803         5597.888333          66.085056           74.782280        2.292895e+07      270684.387945       306308.220321                4478.310667                 52.868045                  59.825824                8.253781e+06               2.363759e+06                2.674845e+06                     8253.781333                    2363.758798                     2674.844885                                  2.533333                                 0.230940                                  0.261333                  42336.000000                 12125.186143                  13720.939788                         42.336000                        12.125186                         13.720940          3
     32            0.1  1000000.0 seconds_rule       455.731702       59.686880        67.542064          0.999933         0.000058          0.000065        118363.022569         1254.919059          1420.074599        116603.898369        11892.570424         13457.710322        138401.698369         9866.082120         11164.522929        141528.461702         8579.426642          9708.535191                   8.449222                  0.090133                   0.101995         5614.596000          57.532532           65.104189        2.299739e+07      235653.250135       266666.756105                4491.676800                 46.026025                  52.083351                1.895066e+07               6.938751e+06                7.851936e+06                    18950.656000                    6938.750714                     7851.935602                                  6.000000                                 1.442221                                  1.632026                  97202.000000                 35576.258193                  40258.325999                         97.202000                        35.576258                         40.258326          3
     32            0.1  1000000.0   window_lfu       455.731702       59.686880        67.542064          0.999933         0.000058          0.000065        118180.581835         1425.558234          1613.171003        118749.265035        15202.611643         17203.374572        140235.218369         6562.849078          7426.562856        142059.205035         8063.719275          9124.957369                   8.462453                  0.102690                   0.116204         5605.907667          66.018701           74.707193        2.296180e+07      270412.599005       306000.662182                4484.726133                 52.814961                  59.765754                1.301862e+07               6.114576e+06                6.919294e+06                    13018.624000                    6114.575900                     6919.294002                                  4.266667                                 1.514376                                  1.713677                  66780.000000                 31350.988549                  35476.983289                         66.780000                        31.350989                         35.476983          3
     32            0.1 10000000.0      all_ssd       455.731702       59.686880        67.542064          0.999933         0.000058          0.000065        124307.194802         1573.014667          1780.033665        124355.481702        13682.805497         15483.552017        140607.001702         5697.993084          6447.886168        141162.967702         6127.298315          6933.690770                   8.045452                  0.102555                   0.116051         6161.764333          75.861149           85.844972        2.523859e+07      310727.268052       351621.004834                4929.411467                 60.688920                  68.675978                0.000000e+00               0.000000e+00                0.000000e+00                        0.000000                       0.000000                        0.000000                                  0.000000                                 0.000000                                  0.000000                      0.000000                     0.000000                      0.000000                          0.000000                         0.000000                          0.000000          3
     32            0.1  5000000.0      all_ssd       455.731702       59.686880        67.542064          0.999933         0.000058          0.000065        124923.371235         1580.598832          1788.615956        124971.898369        13750.691950         15560.372770        141304.271702         5726.595024          6480.252310        141863.003702         6158.048272          6968.487622                   8.005768                  0.102035                   0.115463         6161.764333          75.861149           85.844972        2.523859e+07      310727.268052       351621.004834                4929.411467                 60.688920                  68.675978                0.000000e+00               0.000000e+00                0.000000e+00                        0.000000                       0.000000                        0.000000                                  0.000000                                 0.000000                                  0.000000                      0.000000                     0.000000                      0.000000                          0.000000                         0.000000                          0.000000          3
     32            0.1  1000000.0          lru       455.731702       59.686880        67.542064          0.999933         0.000058          0.000065        117769.125102         1174.205251          1328.738327        115984.165035         9115.905855         10315.618571        142551.448369         8002.885231          9056.117167        144082.281702         8545.598778          9670.255360                   8.491749                  0.084191                   0.095271         5586.321000          56.534117           63.974376        2.288157e+07      231563.742291       262039.042335                4469.056800                 45.227293                  51.179500                2.296303e+07               9.716004e+06                1.099469e+07                    22963.029333                    9716.004155                    10994.693724                                  5.866667                                 1.514376                                  1.713677                 117782.000000                 49814.391806                  56370.290937                        117.782000                        49.814392                         56.370291          3
     32            0.1  1000000.0      all_ssd       455.731702       59.686880        67.542064          0.999933         0.000058          0.000065        129852.782702         1641.272804          1857.275018        129903.231702        14293.783705         16174.938945        146882.431702         5955.410693          6739.181615        147463.291702         6404.048029          7246.862553                   7.701855                  0.098060                   0.110965         6161.764333          75.861149           85.844972        2.523859e+07      310727.268052       351621.004834                4929.411467                 60.688920                  68.675978                0.000000e+00               0.000000e+00                0.000000e+00                        0.000000                       0.000000                        0.000000                                  0.000000                                 0.000000                                  0.000000                      0.000000                     0.000000                      0.000000                          0.000000                         0.000000                          0.000000          3

=== Rows for each policy when dram_fraction = 0.2 ===
 nprobe  dram_fraction   max_iops       policy  avg_ann_us_mean  avg_ann_us_std  avg_ann_us_ci95  recall_at_k_mean  recall_at_k_std  recall_at_k_ci95  avg_latency_us_mean  avg_latency_us_std  avg_latency_us_ci95  p50_latency_us_mean  p50_latency_us_std  p50_latency_us_ci95  p95_latency_us_mean  p95_latency_us_std  p95_latency_us_ci95  p99_latency_us_mean  p99_latency_us_std  p99_latency_us_ci95  qps_from_avg_latency_mean  qps_from_avg_latency_std  qps_from_avg_latency_ci95  avg_ssd_pages_mean  avg_ssd_pages_std  avg_ssd_pages_ci95  avg_ssd_bytes_mean  avg_ssd_bytes_std  avg_ssd_bytes_ci95  avg_io_amplification_mean  avg_io_amplification_std  avg_io_amplification_ci95  total_migration_bytes_mean  total_migration_bytes_std  total_migration_bytes_ci95  migration_bytes_per_query_mean  migration_bytes_per_query_std  migration_bytes_per_query_ci95  avg_migrated_clusters_per_rebalance_mean  avg_migrated_clusters_per_rebalance_std  avg_migrated_clusters_per_rebalance_ci95  total_migration_time_us_mean  total_migration_time_us_std  total_migration_time_us_ci95  migration_time_us_per_query_mean  migration_time_us_per_query_std  migration_time_us_per_query_ci95  num_seeds
      1            0.2  1000000.0     all_dram        14.904324        0.517925         0.586087          0.567367         0.011007          0.012456            15.104324            0.517925             0.586087            15.104324            0.517925             0.586087            15.104324            0.517925             0.586087            15.104324            0.517925             0.586087               66257.156541               2228.794806                2522.118751            0.000000           0.000000            0.000000        0.000000e+00           0.000000            0.000000                   0.000000                  0.000000                   0.000000                0.000000e+00               0.000000e+00                0.000000e+00                        0.000000                       0.000000                        0.000000                                  0.000000                                 0.000000                                  0.000000                      0.000000                     0.000000                      0.000000                          0.000000                         0.000000                          0.000000          3
      1            0.2  5000000.0     all_dram        14.904324        0.517925         0.586087          0.567367         0.011007          0.012456            15.104324            0.517925             0.586087            15.104324            0.517925             0.586087            15.104324            0.517925             0.586087            15.104324            0.517925             0.586087               66257.156541               2228.794806                2522.118751            0.000000           0.000000            0.000000        0.000000e+00           0.000000            0.000000                   0.000000                  0.000000                   0.000000                0.000000e+00               0.000000e+00                0.000000e+00                        0.000000                       0.000000                        0.000000                                  0.000000                                 0.000000                                  0.000000                      0.000000                     0.000000                      0.000000                          0.000000                         0.000000                          0.000000          3
      1            0.2 10000000.0     all_dram        14.904324        0.517925         0.586087          0.567367         0.011007          0.012456            15.104324            0.517925             0.586087            15.104324            0.517925             0.586087            15.104324            0.517925             0.586087            15.104324            0.517925             0.586087               66257.156541               2228.794806                2522.118751            0.000000           0.000000            0.000000        0.000000e+00           0.000000            0.000000                   0.000000                  0.000000                   0.000000                0.000000e+00               0.000000e+00                0.000000e+00                        0.000000                       0.000000                        0.000000                                  0.000000                                 0.000000                                  0.000000                      0.000000                     0.000000                      0.000000                          0.000000                         0.000000                          0.000000          3
      2            0.2  1000000.0     all_dram        36.579046       11.220539        12.697235          0.764100         0.012780          0.014462            36.979046           11.220539            12.697235            36.979046           11.220539            12.697235            36.979046           11.220539            12.697235            36.979046           11.220539            12.697235               28556.361184               7506.970598                8494.936931            0.000000           0.000000            0.000000        0.000000e+00           0.000000            0.000000                   0.000000                  0.000000                   0.000000                0.000000e+00               0.000000e+00                0.000000e+00                        0.000000                       0.000000                        0.000000                                  0.000000                                 0.000000                                  0.000000                      0.000000                     0.000000                      0.000000                          0.000000                         0.000000                          0.000000          3
      2            0.2  5000000.0     all_dram        36.579046       11.220539        12.697235          0.764100         0.012780          0.014462            36.979046           11.220539            12.697235            36.979046           11.220539            12.697235            36.979046           11.220539            12.697235            36.979046           11.220539            12.697235               28556.361184               7506.970598                8494.936931            0.000000           0.000000            0.000000        0.000000e+00           0.000000            0.000000                   0.000000                  0.000000                   0.000000                0.000000e+00               0.000000e+00                0.000000e+00                        0.000000                       0.000000                        0.000000                                  0.000000                                 0.000000                                  0.000000                      0.000000                     0.000000                      0.000000                          0.000000                         0.000000                          0.000000          3
      2            0.2 10000000.0     all_dram        36.579046       11.220539        12.697235          0.764100         0.012780          0.014462            36.979046           11.220539            12.697235            36.979046           11.220539            12.697235            36.979046           11.220539            12.697235            36.979046           11.220539            12.697235               28556.361184               7506.970598                8494.936931            0.000000           0.000000            0.000000        0.000000e+00           0.000000            0.000000                   0.000000                  0.000000                   0.000000                0.000000e+00               0.000000e+00                0.000000e+00                        0.000000                       0.000000                        0.000000                                  0.000000                                 0.000000                                  0.000000                      0.000000                     0.000000                      0.000000                          0.000000                         0.000000                          0.000000          3
      4            0.2  5000000.0     all_dram        62.150935        5.861042         6.632394          0.909333         0.004508          0.005101            62.950935            5.861042             6.632394            62.950935            5.861042             6.632394            62.950935            5.861042             6.632394            62.950935            5.861042             6.632394               15982.990965               1572.483472                1779.432561            0.000000           0.000000            0.000000        0.000000e+00           0.000000            0.000000                   0.000000                  0.000000                   0.000000                0.000000e+00               0.000000e+00                0.000000e+00                        0.000000                       0.000000                        0.000000                                  0.000000                                 0.000000                                  0.000000                      0.000000                     0.000000                      0.000000                          0.000000                         0.000000                          0.000000          3
      4            0.2  1000000.0     all_dram        62.150935        5.861042         6.632394          0.909333         0.004508          0.005101            62.950935            5.861042             6.632394            62.950935            5.861042             6.632394            62.950935            5.861042             6.632394            62.950935            5.861042             6.632394               15982.990965               1572.483472                1779.432561            0.000000           0.000000            0.000000        0.000000e+00           0.000000            0.000000                   0.000000                  0.000000                   0.000000                0.000000e+00               0.000000e+00                0.000000e+00                        0.000000                       0.000000                        0.000000                                  0.000000                                 0.000000                                  0.000000                      0.000000                     0.000000                      0.000000                          0.000000                         0.000000                          0.000000          3
      4            0.2 10000000.0     all_dram        62.150935        5.861042         6.632394          0.909333         0.004508          0.005101            62.950935            5.861042             6.632394            62.950935            5.861042             6.632394            62.950935            5.861042             6.632394            62.950935            5.861042             6.632394               15982.990965               1572.483472                1779.432561            0.000000           0.000000            0.000000        0.000000e+00           0.000000            0.000000                   0.000000                  0.000000                   0.000000                0.000000e+00               0.000000e+00                0.000000e+00                        0.000000                       0.000000                        0.000000                                  0.000000                                 0.000000                                  0.000000                      0.000000                     0.000000                      0.000000                          0.000000                         0.000000                          0.000000          3
      8            0.2  1000000.0     all_dram       112.704782       16.779694        18.988011          0.981433         0.002454          0.002777           114.304782           16.779694            18.988011           114.304782           16.779694            18.988011           114.304782           16.779694            18.988011           114.304782           16.779694            18.988011                8870.477300               1249.194902                1413.597106            0.000000           0.000000            0.000000        0.000000e+00           0.000000            0.000000                   0.000000                  0.000000                   0.000000                0.000000e+00               0.000000e+00                0.000000e+00                        0.000000                       0.000000                        0.000000                                  0.000000                                 0.000000                                  0.000000                      0.000000                     0.000000                      0.000000                          0.000000                         0.000000                          0.000000          3
      8            0.2  5000000.0     all_dram       112.704782       16.779694        18.988011          0.981433         0.002454          0.002777           114.304782           16.779694            18.988011           114.304782           16.779694            18.988011           114.304782           16.779694            18.988011           114.304782           16.779694            18.988011                8870.477300               1249.194902                1413.597106            0.000000           0.000000            0.000000        0.000000e+00           0.000000            0.000000                   0.000000                  0.000000                   0.000000                0.000000e+00               0.000000e+00                0.000000e+00                        0.000000                       0.000000                        0.000000                                  0.000000                                 0.000000                                  0.000000                      0.000000                     0.000000                      0.000000                          0.000000                         0.000000                          0.000000          3
      8            0.2 10000000.0     all_dram       112.704782       16.779694        18.988011          0.981433         0.002454          0.002777           114.304782           16.779694            18.988011           114.304782           16.779694            18.988011           114.304782           16.779694            18.988011           114.304782           16.779694            18.988011                8870.477300               1249.194902                1413.597106            0.000000           0.000000            0.000000        0.000000e+00           0.000000            0.000000                   0.000000                  0.000000                   0.000000                0.000000e+00               0.000000e+00                0.000000e+00                        0.000000                       0.000000                        0.000000                                  0.000000                                 0.000000                                  0.000000                      0.000000                     0.000000                      0.000000                          0.000000                         0.000000                          0.000000          3
     16            0.2 10000000.0     all_dram       204.390386       17.299533        19.576265          0.998833         0.000551          0.000623           207.590386           17.299533            19.576265           207.590386           17.299533            19.576265           207.590386           17.299533            19.576265           207.590386           17.299533            19.576265                4840.684950                423.134155                 478.821372            0.000000           0.000000            0.000000        0.000000e+00           0.000000            0.000000                   0.000000                  0.000000                   0.000000                0.000000e+00               0.000000e+00                0.000000e+00                        0.000000                       0.000000                        0.000000                                  0.000000                                 0.000000                                  0.000000                      0.000000                     0.000000                      0.000000                          0.000000                         0.000000                          0.000000          3
     16            0.2  5000000.0     all_dram       204.390386       17.299533        19.576265          0.998833         0.000551          0.000623           207.590386           17.299533            19.576265           207.590386           17.299533            19.576265           207.590386           17.299533            19.576265           207.590386           17.299533            19.576265                4840.684950                423.134155                 478.821372            0.000000           0.000000            0.000000        0.000000e+00           0.000000            0.000000                   0.000000                  0.000000                   0.000000                0.000000e+00               0.000000e+00                0.000000e+00                        0.000000                       0.000000                        0.000000                                  0.000000                                 0.000000                                  0.000000                      0.000000                     0.000000                      0.000000                          0.000000                         0.000000                          0.000000          3
     16            0.2  1000000.0     all_dram       204.390386       17.299533        19.576265          0.998833         0.000551          0.000623           207.590386           17.299533            19.576265           207.590386           17.299533            19.576265           207.590386           17.299533            19.576265           207.590386           17.299533            19.576265                4840.684950                423.134155                 478.821372            0.000000           0.000000            0.000000        0.000000e+00           0.000000            0.000000                   0.000000                  0.000000                   0.000000                0.000000e+00               0.000000e+00                0.000000e+00                        0.000000                       0.000000                        0.000000                                  0.000000                                 0.000000                                  0.000000                      0.000000                     0.000000                      0.000000                          0.000000                         0.000000                          0.000000          3
     32            0.2  1000000.0     all_dram       455.731702       59.686880        67.542064          0.999933         0.000058          0.000065           462.131702           59.686880            67.542064           462.131702           59.686880            67.542064           462.131702           59.686880            67.542064           462.131702           59.686880            67.542064                2187.657263                276.780075                 313.206140            0.000000           0.000000            0.000000        0.000000e+00           0.000000            0.000000                   0.000000                  0.000000                   0.000000                0.000000e+00               0.000000e+00                0.000000e+00                        0.000000                       0.000000                        0.000000                                  0.000000                                 0.000000                                  0.000000                      0.000000                     0.000000                      0.000000                          0.000000                         0.000000                          0.000000          3
     32            0.2  5000000.0     all_dram       455.731702       59.686880        67.542064          0.999933         0.000058          0.000065           462.131702           59.686880            67.542064           462.131702           59.686880            67.542064           462.131702           59.686880            67.542064           462.131702           59.686880            67.542064                2187.657263                276.780075                 313.206140            0.000000           0.000000            0.000000        0.000000e+00           0.000000            0.000000                   0.000000                  0.000000                   0.000000                0.000000e+00               0.000000e+00                0.000000e+00                        0.000000                       0.000000                        0.000000                                  0.000000                                 0.000000                                  0.000000                      0.000000                     0.000000                      0.000000                          0.000000                         0.000000                          0.000000          3
     32            0.2 10000000.0     all_dram       455.731702       59.686880        67.542064          0.999933         0.000058          0.000065           462.131702           59.686880            67.542064           462.131702           59.686880            67.542064           462.131702           59.686880            67.542064           462.131702           59.686880            67.542064                2187.657263                276.780075                 313.206140            0.000000           0.000000            0.000000        0.000000e+00           0.000000            0.000000                   0.000000                  0.000000                   0.000000                0.000000e+00               0.000000e+00                0.000000e+00                        0.000000                       0.000000                        0.000000                                  0.000000                                 0.000000                                  0.000000                      0.000000                     0.000000                      0.000000                          0.000000                         0.000000                          0.000000          3
      1            0.2 10000000.0    naive_lfu        14.904324        0.517925         0.586087          0.567367         0.011007          0.012456          3059.694891          131.215343           148.484139          3472.104324           39.771146            45.005289          5790.304324          536.557091           607.171507          6949.404324         1158.805530          1311.311902                 327.237191                 14.246145                  16.121031          151.479667           6.521341            7.379592        6.204607e+05       26711.412075        30226.808266                 121.183733                  5.217073                   5.903673                3.571302e+07               2.218836e+06                2.510850e+06                    35713.024000                    2218.836460                     2510.849822                                  7.733333                                 0.230940                                  0.261333                 175298.800000                 10889.940588                  12323.127855                        175.298800                        10.889941                         12.323128          3
      1            0.2 10000000.0   window_lfu        14.904324        0.517925         0.586087          0.567367         0.011007          0.012456          3059.694891          131.215343           148.484139          3472.104324           39.771146            45.005289          5790.304324          536.557091           607.171507          6949.404324         1158.805530          1311.311902                 327.237191                 14.246145                  16.121031          151.479667           6.521341            7.379592        6.204607e+05       26711.412075        30226.808266                 121.183733                  5.217073                   5.903673                3.571302e+07               2.218836e+06                2.510850e+06                    35713.024000                    2218.836460                     2510.849822                                  7.733333                                 0.230940                                  0.261333                 175298.800000                 10889.940588                  12323.127855                        175.298800                        10.889941                         12.323128          3
      1            0.2  5000000.0    naive_lfu        14.904324        0.517925         0.586087          0.567367         0.011007          0.012456          3074.842857          131.867472           149.222093          3489.304324           39.971141            45.231604          5819.037657          539.226047           610.191715          6983.904324         1164.570944          1317.836082                 325.625098                 14.176221                  16.041904          151.479667           6.521341            7.379592        6.204607e+05       26711.412075        30226.808266                 121.183733                  5.217073                   5.903673                3.571302e+07               2.218836e+06                2.510850e+06                    35713.024000                    2218.836460                     2510.849822                                  7.733333                                 0.230940                                  0.261333                 176170.933333                 10944.119397                  12384.436948                        176.170933                        10.944119                         12.384437          3
      1            0.2  5000000.0   window_lfu        14.904324        0.517925         0.586087          0.567367         0.011007          0.012456          3074.842857          131.867472           149.222093          3489.304324           39.971141            45.231604          5819.037657          539.226047           610.191715          6983.904324         1164.570944          1317.836082                 325.625098                 14.176221                  16.041904          151.479667           6.521341            7.379592        6.204607e+05       26711.412075        30226.808266                 121.183733                  5.217073                   5.903673                3.571302e+07               2.218836e+06                2.510850e+06                    35713.024000                    2218.836460                     2510.849822                                  7.733333                                 0.230940                                  0.261333                 176170.933333                 10944.119397                  12384.436948                        176.170933                        10.944119                         12.384437          3
      1            0.2 10000000.0 seconds_rule        14.904324        0.517925         0.586087          0.567367         0.011007          0.012456          3037.043124          125.849988           142.412668          3458.704324           22.692780            25.679298          5864.004324          422.135510           477.691299          6949.404324         1158.805530          1311.311902                 329.654249                 13.994871                  15.836688          150.352667           6.247286            7.069470        6.158445e+05       25588.884101        28956.548283                 120.282133                  4.997829                   5.655576                3.986347e+07               6.369864e+06                7.208180e+06                    39863.466667                    6369.864417                     7208.180155                                  8.666667                                 0.923760                                  1.045333                 195666.800000                 31269.310582                  35384.555969                        195.666800                        31.269311                         35.384556          3
      1            0.2  5000000.0 seconds_rule        14.904324        0.517925         0.586087          0.567367         0.011007          0.012456          3052.078391          126.474713           143.119611          3475.837657           22.808250            25.809965          5893.104324          424.235509           480.067671          6983.904324         1164.570944          1317.836082                 328.030303                 13.926120                  15.758888          150.352667           6.247286            7.069470        6.158445e+05       25588.884101        28956.548283                 120.282133                  4.997829                   5.655576                3.986347e+07               6.369864e+06                7.208180e+06                    39863.466667                    6369.864417                     7208.180155                                  8.666667                                 0.923760                                  1.045333                 196640.266667                 31424.879292                  35560.598536                        196.640267                        31.424879                         35.560599          3
      1            0.2  1000000.0   window_lfu        14.904324        0.517925         0.586087          0.567367         0.011007          0.012456          3196.026591          137.084509           155.125726          3626.904324           41.571101            47.042129          6048.904324          560.577697           634.353381          7259.904324         1210.694252          1370.029519                 313.278483                 13.640608                  15.435801          151.479667           6.521341            7.379592        6.204607e+05       26711.412075        30226.808266                 121.183733                  5.217073                   5.903673                3.571302e+07               2.218836e+06                2.510850e+06                    35713.024000                    2218.836460                     2510.849822                                  7.733333                                 0.230940                                  0.261333                 183148.000000                 11377.549868                  12874.909699                        183.148000                        11.377550                         12.874910          3
      1            0.2  1000000.0    naive_lfu        14.904324        0.517925         0.586087          0.567367         0.011007          0.012456          3196.026591          137.084509           155.125726          3626.904324           41.571101            47.042129          6048.904324          560.577697           634.353381          7259.904324         1210.694252          1370.029519                 313.278483                 13.640608                  15.435801          151.479667           6.521341            7.379592        6.204607e+05       26711.412075        30226.808266                 121.183733                  5.217073                   5.903673                3.571302e+07               2.218836e+06                2.510850e+06                    35713.024000                    2218.836460                     2510.849822                                  7.733333                                 0.230940                                  0.261333                 183148.000000                 11377.549868                  12874.909699                        183.148000                        11.377550                         12.874910          3
      1            0.2  1000000.0 seconds_rule        14.904324        0.517925         0.586087          0.567367         0.011007          0.012456          3172.360524          131.472514           148.775155          3612.904324           23.732009            26.855297          6125.904324          441.035497           499.078647          7259.904324         1210.694252          1370.029519                 315.592896                 13.399504                  15.162966          150.352667           6.247286            7.069470        6.158445e+05       25588.884101        28956.548283                 120.282133                  4.997829                   5.655576                3.986347e+07               6.369864e+06                7.208180e+06                    39863.466667                    6369.864417                     7208.180155                                  8.666667                                 0.923760                                  1.045333                 204428.000000                 32669.428967                  36968.939072                        204.428000                        32.669429                         36.968939          3
      1            0.2 10000000.0          lru        14.904324        0.517925         0.586087          0.567367         0.011007          0.012456          3502.147057          145.004392           164.087917          3887.504324          162.983097           184.432737          6647.904324          578.556987           654.698863          8745.004324          833.227847           942.886071                 285.869680                 11.978042                  13.554430          173.492667           7.193338            8.140028        7.106260e+05       29463.913231        33341.556541                 138.794133                  5.754671                   6.512023                8.389495e+07               7.373346e+06                8.343727e+06                    83894.954667                    7373.346190                     8343.726679                                 19.333333                                 1.616581                                  1.829333                 411735.100000                 36176.852724                  40937.962691                        411.735100                        36.176853                         40.937963          3
      1            0.2  5000000.0          lru        14.904324        0.517925         0.586087          0.567367         0.011007          0.012456          3519.496324          145.723724           164.901918          3906.770991          163.791388           185.347404          6680.904324          581.436222           657.957024          8788.437657          837.370712           947.574164                 284.460498                 11.919086                  13.487716          173.492667           7.193338            8.140028        7.106260e+05       29463.913231        33341.556541                 138.794133                  5.754671                   6.512023                8.389495e+07               7.373346e+06                8.343727e+06                    83894.954667                    7373.346190                     8343.726679                                 19.333333                                 1.616581                                  1.829333                 413783.533333                 36356.837066                  41141.634147                        413.783533                        36.356837                         41.141634          3
      1            0.2  1000000.0          lru        14.904324        0.517925         0.586087          0.567367         0.011007          0.012456          3658.290457          151.478383           171.413927          4060.904324          170.257711           192.664737          6944.904324          604.470102           684.022313          9135.904324          870.513635           985.078912                 273.668211                 11.467546                  12.976750          173.492667           7.193338            8.140028        7.106260e+05       29463.913231        33341.556541                 138.794133                  5.754671                   6.512023                8.389495e+07               7.373346e+06                8.343727e+06                    83894.954667                    7373.346190                     8343.726679                                 19.333333                                 1.616581                                  1.829333                 430171.000000                 37796.711801                  42771.005797                        430.171000                        37.796712                         42.771006          3
      1            0.2 10000000.0      all_ssd        14.904324        0.517925         0.586087          0.567367         0.011007          0.012456          4491.569624           31.811054            35.997596          4316.304324          192.143962           217.431362          7076.704324          585.905869           663.014906          8745.004324          833.227847           942.886071                 222.646764                  1.576924                   1.784458          222.719667           1.559549            1.764796        9.122598e+05        6387.914345         7228.605571                 178.175733                  1.247640                   1.411837                0.000000e+00               0.000000e+00                0.000000e+00                        0.000000                       0.000000                        0.000000                                  0.000000                                 0.000000                                  0.000000                      0.000000                     0.000000                      0.000000                          0.000000                         0.000000                          0.000000          3
      1            0.2  5000000.0      all_ssd        14.904324        0.517925         0.586087          0.567367         0.011007          0.012456          4513.841591           31.967005            36.174071          4337.704324          193.097900           218.510844          7111.837657          588.821916           666.314723          8788.437657          837.370712           947.574164                 221.548191                  1.569056                   1.775554          222.719667           1.559549            1.764796        9.122598e+05        6387.914345         7228.605571                 178.175733                  1.247640                   1.411837                0.000000e+00               0.000000e+00                0.000000e+00                        0.000000                       0.000000                        0.000000                                  0.000000                                 0.000000                                  0.000000                      0.000000                     0.000000                      0.000000                          0.000000                         0.000000                          0.000000          3
      1            0.2  1000000.0      all_ssd        14.904324        0.517925         0.586087          0.567367         0.011007          0.012456          4692.017324           33.214613            37.585873          4508.904324          200.729403           227.146703          7392.904324          612.150289           692.713263          9135.904324          870.513635           985.078912                 213.135063                  1.508831                   1.707403          222.719667           1.559549            1.764796        9.122598e+05        6387.914345         7228.605571                 178.175733                  1.247640                   1.411837                0.000000e+00               0.000000e+00                0.000000e+00                        0.000000                       0.000000                        0.000000                                  0.000000                                 0.000000                                  0.000000                      0.000000                     0.000000                      0.000000                          0.000000                         0.000000                          0.000000          3
      2            0.2 10000000.0 seconds_rule        36.579046       11.220539        12.697235          0.764100         0.012780          0.014462          6039.329246          147.915185           167.381788          6026.445713          134.336071           152.015575         10522.749046          554.521106           627.499703         12995.853046         2202.074075          2491.881397                 165.648193                  4.096938                   4.636122          298.639333           7.024678            7.949172        1.223227e+06       28773.082059        32559.807477                 238.911467                  5.619743                   6.359337                3.866487e+07               1.812465e+06                2.050998e+06                    38664.874667                    1812.465344                     2050.997614                                  8.266667                                 0.230940                                  0.261333                 189790.900000                  8891.616927                  10061.811755                        189.790900                         8.891617                         10.061812          3
      2            0.2 10000000.0   window_lfu        36.579046       11.220539        12.697235          0.764100         0.012780          0.014462          6027.919746          185.520214           209.935886          6026.445713          141.496604           160.118481         10525.764046          549.448999           621.760074         12996.389046         2201.149476          2490.835115                 166.000845                  5.173231                   5.854062          298.071667           8.894461           10.065030        1.220902e+06       36431.711531        41226.362581                 238.457333                  7.115569                   8.052024                3.511501e+07               5.241551e+06                5.931374e+06                    35115.008000                    5241.551432                     5931.373815                                  7.600000                                 0.692820                                  0.784000                 172370.900000                 25723.998009                  29109.444063                        172.370900                        25.723998                         29.109444          3
      2            0.2 10000000.0    naive_lfu        36.579046       11.220539        12.697235          0.764100         0.012780          0.014462          6027.919746          185.520214           209.935886          6026.445713          141.496604           160.118481         10525.764046          549.448999           621.760074         12996.389046         2201.149476          2490.835115                 166.000845                  5.173231                   5.854062          298.071667           8.894461           10.065030        1.220902e+06       36431.711531        41226.362581                 238.457333                  7.115569                   8.052024                3.511501e+07               5.241551e+06                5.931374e+06                    35115.008000                    5241.551432                     5931.373815                                  7.600000                                 0.692820                                  0.784000                 172370.900000                 25723.998009                  29109.444063                        172.370900                        25.723998                         29.109444          3
      2            0.2  5000000.0 seconds_rule        36.579046       11.220539        12.697235          0.764100         0.012780          0.014462          6069.193179          148.616301           168.175176          6056.245713          134.959710           152.721289         10574.919046          557.271138           630.611657         13060.327046         2213.012804          2504.259735                 164.833082                  4.075975                   4.612400          298.639333           7.024678            7.949172        1.223227e+06       28773.082059        32559.807477                 238.911467                  5.619743                   6.359337                3.866487e+07               1.812465e+06                2.050998e+06                    38664.874667                    1812.465344                     2050.997614                                  8.266667                                 0.230940                                  0.261333                 190735.133333                  8935.853827                  10111.870520                        190.735133                         8.935854                         10.111871          3
      2            0.2  5000000.0    naive_lfu        36.579046       11.220539        12.697235          0.764100         0.012780          0.014462          6057.726913          186.408587           210.941174          6056.245713          142.151816           160.859923         10577.949046          552.173921           624.843613         13060.865713         2212.083608          2503.208250                 165.184003                  5.147010                   5.824390          298.071667           8.894461           10.065030        1.220902e+06       36431.711531        41226.362581                 238.457333                  7.115569                   8.052024                3.511501e+07               5.241551e+06                5.931374e+06                    35115.008000                    5241.551432                     5931.373815                                  7.600000                                 0.692820                                  0.784000                 173228.466667                 25851.978099                  29254.267168                        173.228467                        25.851978                         29.254267          3
      2            0.2  5000000.0   window_lfu        36.579046       11.220539        12.697235          0.764100         0.012780          0.014462          6057.726913          186.408587           210.941174          6056.245713          142.151816           160.859923         10577.949046          552.173921           624.843613         13060.865713         2212.083608          2503.208250                 165.184003                  5.147010                   5.824390          298.071667           8.894461           10.065030        1.220902e+06       36431.711531        41226.362581                 238.457333                  7.115569                   8.052024                3.511501e+07               5.241551e+06                5.931374e+06                    35115.008000                    5241.551432                     5931.373815                                  7.600000                                 0.692820                                  0.784000                 173228.466667                 25851.978099                  29254.267168                        173.228467                        25.851978                         29.254267          3
      2            0.2  1000000.0 seconds_rule        36.579046       11.220539        12.697235          0.764100         0.012780          0.014462          6308.104646          154.225673           174.522778          6294.645713          139.949098           158.367313         10992.279046          579.271582           655.507503         13576.119046         2300.522687          2603.286490                 158.590042                  3.915691                   4.431021          298.639333           7.024678            7.949172        1.223227e+06       28773.082059        32559.807477                 238.911467                  5.619743                   6.359337                3.866487e+07               1.812465e+06                2.050998e+06                    38664.874667                    1812.465344                     2050.997614                                  8.266667                                 0.230940                                  0.261333                 198289.000000                  9289.749028                  10512.340640                        198.289000                         9.289749                         10.512341          3
      2            0.2  1000000.0    naive_lfu        36.579046       11.220539        12.697235          0.764100         0.012780          0.014462          6296.184246          193.515925           218.983884          6294.645713          147.393680           166.791651         10995.429046          573.973485           649.512142         13576.679046         2299.556707          2602.193380                 158.927702                  4.946438                   5.597421          298.071667           8.894461           10.065030        1.220902e+06       36431.711531        41226.362581                 238.457333                  7.115569                   8.052024                3.511501e+07               5.241551e+06                5.931374e+06                    35115.008000                    5241.551432                     5931.373815                                  7.600000                                 0.692820                                  0.784000                 180089.000000                 26875.818815                  30412.852006                        180.089000                        26.875819                         30.412852          3
      2            0.2  1000000.0   window_lfu        36.579046       11.220539        12.697235          0.764100         0.012780          0.014462          6296.184246          193.515925           218.983884          6294.645713          147.393680           166.791651         10995.429046          573.973485           649.512142         13576.679046         2299.556707          2602.193380                 158.927702                  4.946438                   5.597421          298.071667           8.894461           10.065030        1.220902e+06       36431.711531        41226.362581                 238.457333                  7.115569                   8.052024                3.511501e+07               5.241551e+06                5.931374e+06                    35115.008000                    5241.551432                     5931.373815                                  7.600000                                 0.692820                                  0.784000                 180089.000000                 26875.818815                  30412.852006                        180.089000                        26.875819                         30.412852          3
      2            0.2 10000000.0          lru        36.579046       11.220539        12.697235          0.764100         0.012780          0.014462          6803.631346          274.847079           311.018749          6770.112379           64.361888            72.832333         11628.249046          934.077153          1057.007803         14171.770046         2110.149455          2387.858898                 147.143683                  6.065836                   6.864140          336.665000          13.375557           15.135867        1.378980e+06       54786.279625        61996.511648                 269.332000                 10.700445                  12.108694                8.009694e+07               4.275720e+06                4.838433e+06                    80096.938667                    4275.720256                     4838.432952                                 18.400000                                 1.058301                                  1.197580                 393082.300000                 20989.292868                  23751.620820                        393.082300                        20.989293                         23.751621          3
      2            0.2  5000000.0          lru        36.579046       11.220539        12.697235          0.764100         0.012780          0.014462          6837.297846          276.183825           312.531419          6803.612379           64.626450            73.131712         11685.919046          938.677993          1062.214145         14242.094379         2120.646858          2399.737828                 146.419128                  6.035484                   6.829793          336.665000          13.375557           15.135867        1.378980e+06       54786.279625        61996.511648                 269.332000                 10.700445                  12.108694                8.009694e+07               4.275720e+06                4.838433e+06                    80096.938667                    4275.720256                     4838.432952                                 18.400000                                 1.058301                                  1.197580                 395037.933333                 21093.717211                  23869.788087                        395.037933                        21.093717                         23.869788          3
      2            0.2  1000000.0          lru        36.579046       11.220539        12.697235          0.764100         0.012780          0.014462          7106.629846          286.878065           324.633091          7071.612379           66.742944            75.526751         12147.279046          975.484753          1103.864914         14804.689046         2204.626136          2494.769326                 140.869837                  5.803182                   6.566919          336.665000          13.375557           15.135867        1.378980e+06       54786.279625        61996.511648                 269.332000                 10.700445                  12.108694                8.009694e+07               4.275720e+06                4.838433e+06                    80096.938667                    4275.720256                     4838.432952                                 18.400000                                 1.058301                                  1.197580                 410683.000000                 21929.111952                  24815.126230                        410.683000                        21.929112                         24.815126          3
      2            0.2 10000000.0      all_ssd        36.579046       11.220539        12.697235          0.764100         0.012780          0.014462          8845.249946           58.474306            66.169907          8719.779046          185.660069           210.094146         13664.379046          720.744448           815.599123         15667.679046          968.946163          1096.465803                 113.058337                  0.750252                   0.848990          438.242333           2.720743            3.078810        1.795041e+06       11144.162471        12610.806997                 350.593867                  2.176594                   2.463048                0.000000e+00               0.000000e+00                0.000000e+00                        0.000000                       0.000000                        0.000000                                  0.000000                                 0.000000                                  0.000000                      0.000000                     0.000000                      0.000000                          0.000000                         0.000000                          0.000000          3
      2            0.2  5000000.0      all_ssd        36.579046       11.220539        12.697235          0.764100         0.012780          0.014462          8889.074179           58.741657            66.472442          8762.979046          186.612823           211.172289         13732.179046          724.349621           819.678760         15745.445713          973.758678          1101.911676                 112.500943                  0.746269                   0.844482          438.242333           2.720743            3.078810        1.795041e+06       11144.162471        12610.806997                 350.593867                  2.176594                   2.463048                0.000000e+00               0.000000e+00                0.000000e+00                        0.000000                       0.000000                        0.000000                                  0.000000                                 0.000000                                  0.000000                      0.000000                     0.000000                      0.000000                          0.000000                         0.000000                          0.000000          3
      2            0.2  1000000.0      all_ssd        36.579046       11.220539        12.697235          0.764100         0.012780          0.014462          9239.668046           60.881966            68.894430          9108.579046          194.235274           219.797904         14274.579046          753.191136           852.316006         16367.579046         1012.258904          1145.478783                 108.232141                  0.715874                   0.810088          438.242333           2.720743            3.078810        1.795041e+06       11144.162471        12610.806997                 350.593867                  2.176594                   2.463048                0.000000e+00               0.000000e+00                0.000000e+00                        0.000000                       0.000000                        0.000000                                  0.000000                                 0.000000                                  0.000000                      0.000000                     0.000000                      0.000000                          0.000000                         0.000000                          0.000000          3
      4            0.2 10000000.0    naive_lfu        62.150935        5.861042         6.632394          0.909333         0.004508          0.005101         11749.588202          311.371374           352.349880         12159.034269          492.903755           557.773106         19312.255935         1273.340850          1440.920818         23271.955935         3656.412466          4137.620215                  85.149287                  2.259882                   2.557297          581.454000          15.495344           17.534633        2.381636e+06       63468.930520        71821.856077                 465.163200                 12.396275                  14.027706                3.137178e+07               8.950351e+06                1.012828e+07                    31371.776000                    8950.351182                    10128.275822                                  6.800000                                 1.600000                                  1.810570                 153986.100000                 43925.325190                  49706.184713                        153.986100                        43.925325                         49.706185          3
      4            0.2 10000000.0 seconds_rule        62.150935        5.861042         6.632394          0.909333         0.004508          0.005101         11736.590402          268.414019           303.739056         12189.150935          499.018571           564.692672         19312.255935         1273.340850          1440.920818         23271.955935         3656.412466          4137.620215                  85.233429                  1.955214                   2.212533          580.807333          13.371943           15.131778        2.378987e+06       54771.480173        61979.764490                 464.645867                 10.697555                  12.105423                3.287927e+07               8.045314e+06                9.104130e+06                    32879.274667                    8045.314282                     9104.130158                                  7.066667                                 1.404754                                  1.589629                 161382.900000                 39496.515344                  44694.514581                        161.382900                        39.496515                         44.694515          3
      4            0.2 10000000.0   window_lfu        62.150935        5.861042         6.632394          0.909333         0.004508          0.005101         11749.588202          311.371374           352.349880         12159.034269          492.903755           557.773106         19312.255935         1273.340850          1440.920818         23271.955935         3656.412466          4137.620215                  85.149287                  2.259882                   2.557297          581.454000          15.495344           17.534633        2.381636e+06       63468.930520        71821.856077                 465.163200                 12.396275                  14.027706                3.137178e+07               8.950351e+06                1.012828e+07                    31371.776000                    8950.351182                    10128.275822                                  6.800000                                 1.600000                                  1.810570                 153986.100000                 43925.325190                  49706.184713                        153.986100                        43.925325                         49.706185          3
      4            0.2  5000000.0    naive_lfu        62.150935        5.861042         6.632394          0.909333         0.004508          0.005101         11807.733602          312.920636           354.103034         12219.217602          495.332852           560.521888         19408.027602         1279.693315          1448.109309         23387.427602         3674.620572          4158.224626                  84.729984                  2.248824                   2.544783          581.454000          15.495344           17.534633        2.381636e+06       63468.930520        71821.856077                 465.163200                 12.396275                  14.027706                3.137178e+07               8.950351e+06                1.012828e+07                    31371.776000                    8950.351182                    10128.275822                                  6.800000                                 1.600000                                  1.810570                 154752.200000                 44143.859147                  49953.479164                        154.752200                        44.143859                         49.953479          3
      4            0.2  5000000.0   window_lfu        62.150935        5.861042         6.632394          0.909333         0.004508          0.005101         11807.733602          312.920636           354.103034         12219.217602          495.332852           560.521888         19408.027602         1279.693315          1448.109309         23387.427602         3674.620572          4158.224626                  84.729984                  2.248824                   2.544783          581.454000          15.495344           17.534633        2.381636e+06       63468.930520        71821.856077                 465.163200                 12.396275                  14.027706                3.137178e+07               8.950351e+06                1.012828e+07                    31371.776000                    8950.351182                    10128.275822                                  6.800000                                 1.600000                                  1.810570                 154752.200000                 44143.859147                  49953.479164                        154.752200                        44.143859                         49.953479          3
      4            0.2  5000000.0 seconds_rule        62.150935        5.861042         6.632394          0.909333         0.004508          0.005101         11794.671135          269.750897           305.251876         12249.484269          501.476839           567.474464         19408.027602         1279.693315          1448.109309         23387.427602         3674.620572          4158.224626                  84.813714                  1.945656                   2.201718          580.807333          13.371943           15.131778        2.378987e+06       54771.480173        61979.764490                 464.645867                 10.697555                  12.105423                3.287927e+07               8.045314e+06                9.104130e+06                    32879.274667                    8045.314282                     9104.130158                                  7.066667                                 1.404754                                  1.589629                 162185.800000                 39693.015420                  44916.875350                        162.185800                        39.693015                         44.916875          3
      4            0.2  1000000.0   window_lfu        62.150935        5.861042         6.632394          0.909333         0.004508          0.005101         12272.896802          325.314819           368.128373         12700.684269          514.765651           582.512171         20174.200935         1330.513052          1505.617255         24311.200935         3820.285426          4323.059925                  81.518594                  2.164105                   2.448916          581.454000          15.495344           17.534633        2.381636e+06       63468.930520        71821.856077                 465.163200                 12.396275                  14.027706                3.137178e+07               8.950351e+06                1.012828e+07                    31371.776000                    8950.351182                    10128.275822                                  6.800000                                 1.600000                                  1.810570                 160881.000000                 45892.130796                  51931.834775                        160.881000                        45.892131                         51.931835          3
      4            0.2  1000000.0 seconds_rule        62.150935        5.861042         6.632394          0.909333         0.004508          0.005101         12259.317002          280.446034           317.354563         12732.150935          521.142998           589.728819         20174.200935         1330.513052          1505.617255         24311.200935         3820.285426          4323.059925                  81.599166                  1.872431                   2.118856          580.807333          13.371943           15.131778        2.378987e+06       54771.480173        61979.764490                 464.645867                 10.697555                  12.105423                3.287927e+07               8.045314e+06                9.104130e+06                    32879.274667                    8045.314282                     9104.130158                                  7.066667                                 1.404754                                  1.589629                 168609.000000                 41265.016031                  46695.761502                        168.609000                        41.265016                         46.695762          3
      4            0.2  1000000.0    naive_lfu        62.150935        5.861042         6.632394          0.909333         0.004508          0.005101         12272.896802          325.314819           368.128373         12700.684269          514.765651           582.512171         20174.200935         1330.513052          1505.617255         24311.200935         3820.285426          4323.059925                  81.518594                  2.164105                   2.448916          581.454000          15.495344           17.534633        2.381636e+06       63468.930520        71821.856077                 465.163200                 12.396275                  14.027706                3.137178e+07               8.950351e+06                1.012828e+07                    31371.776000                    8950.351182                    10128.275822                                  6.800000                                 1.600000                                  1.810570                 160881.000000                 45892.130796                  51931.834775                        160.881000                        45.892131                         51.931835          3
      4            0.2 10000000.0          lru        62.150935        5.861042         6.632394          0.909333         0.004508          0.005101         12956.182502          540.495408           611.628132         13090.367602           56.022243            63.395136         20926.289269         1957.108589          2214.676855         24099.338935         2481.695115          2808.302392                  77.273609                  3.250573                   3.678370          641.485000          26.916980           30.459430        2.627523e+06      110251.950436       124761.826795                 513.188000                 21.533584                  24.367544                8.222327e+07               5.282081e+06                5.977238e+06                    82223.274667                    5282.081353                     5977.237738                                 18.533333                                 1.154701                                  1.306667                 403520.900000                 25920.602865                  29331.923402                        403.520900                        25.920603                         29.331923          3
      4            0.2  5000000.0          lru        62.150935        5.861042         6.632394          0.909333         0.004508          0.005101         13020.331002          543.186950           614.673898         13155.184269           56.305108            63.715228         21030.090935         1966.847386          2225.697341         24218.926935         2494.059138          2822.293601                  76.892903                  3.234663                   3.660366          641.485000          26.916980           30.459430        2.627523e+06      110251.950436       124761.826795                 513.188000                 21.533584                  24.367544                8.222327e+07               5.282081e+06                5.977238e+06                    82223.274667                    5282.081353                     5977.237738                                 18.533333                                 1.154701                                  1.306667                 405528.466667                 26049.561088                  29477.853369                        405.528467                        26.049561                         29.477853          3
      4            0.2  1000000.0          lru        62.150935        5.861042         6.632394          0.909333         0.004508          0.005101         13533.519002          564.719339           639.040091         13673.717602           58.568537            66.276539         21860.504269         2044.757776          2313.861247         25175.630935         2592.971329          2934.223281                  73.977182                  3.112778                   3.522439          641.485000          26.916980           30.459430        2.627523e+06      110251.950436       124761.826795                 513.188000                 21.533584                  24.367544                8.222327e+07               5.282081e+06                5.977238e+06                    82223.274667                    5282.081353                     5977.237738                                 18.533333                                 1.154701                                  1.306667                 421589.000000                 27081.226874                  30645.293106                        421.589000                        27.081227                         30.645293          3
      4            0.2 10000000.0      all_ssd        62.150935        5.861042         6.632394          0.909333         0.004508          0.005101         17472.275135          281.976130           319.086029         17381.650935          529.438623           599.116201         24952.985935         1261.084899          1427.051903         26822.821935         1573.977026          1781.122676                  57.243556                  0.931761                   1.054387          866.175333          14.205628           16.075181        3.547854e+06       58186.250768        65843.941187                 692.940267                 11.364502                  12.860145                0.000000e+00               0.000000e+00                0.000000e+00                        0.000000                       0.000000                        0.000000                                  0.000000                                 0.000000                                  0.000000                      0.000000                     0.000000                      0.000000                          0.000000                         0.000000                          0.000000          3
      4            0.2  5000000.0      all_ssd        62.150935        5.861042         6.632394          0.909333         0.004508          0.005101         17558.892669          283.396502           320.693332         17467.817602          532.096261           602.123602         25076.820935         1267.379997          1434.175478         26955.959602         1581.819554          1789.997333                  56.961176                  0.927238                   1.049268          866.175333          14.205628           16.075181        3.547854e+06       58186.250768        65843.941187                 692.940267                 11.364502                  12.860145                0.000000e+00               0.000000e+00                0.000000e+00                        0.000000                       0.000000                        0.000000                                  0.000000                                 0.000000                                  0.000000                      0.000000                     0.000000                      0.000000                          0.000000                         0.000000                          0.000000          3
      4            0.2  1000000.0      all_ssd        62.150935        5.861042         6.632394          0.909333         0.004508          0.005101         18251.832935          294.759546           333.551827         18157.150935          553.357388           626.182832         26067.500935         1317.740799          1491.164090         28021.060935         1644.559795          1860.994599                  54.798628                  0.892576                   1.010045          866.175333          14.205628           16.075181        3.547854e+06       58186.250768        65843.941187                 692.940267                 11.364502                  12.860145                0.000000e+00               0.000000e+00                0.000000e+00                        0.000000                       0.000000                        0.000000                                  0.000000                                 0.000000                                  0.000000                      0.000000                     0.000000                      0.000000                          0.000000                         0.000000                          0.000000          3
      8            0.2 10000000.0    naive_lfu       112.704782       16.779694        18.988011          0.981433         0.002454          0.002777         22787.826616          238.651533           270.059633         23747.154782          810.658595           917.346558         35611.783116         4042.418800          4574.427501         41321.859449         7223.987027          8174.710875                  43.886276                  0.457898                   0.518161         1128.093667          11.038018           12.490693        4.620672e+06       45211.722278        51161.880054                 902.474933                  8.830415                   9.992555                2.754816e+07               2.219791e+06                2.511930e+06                    27548.160000                    2219.790924                     2511.929900                                  6.133333                                 0.230940                                  0.261333                 135212.700000                 10898.185894                  12332.458297                        135.212700                        10.898186                         12.332458          3
      8            0.2 10000000.0   window_lfu       112.704782       16.779694        18.988011          0.981433         0.002454          0.002777         22788.148349          242.617881           274.547978         23707.221449          810.353250           917.001027         35611.783116         4042.418800          4574.427501         41321.859449         7223.987027          8174.710875                  43.885763                  0.465363                   0.526608         1128.109667          11.235730           12.714425        4.620737e+06       46021.549661        52078.286007                 902.487733                  8.988584                  10.171540                2.797636e+07               1.779958e+06                2.014212e+06                    27976.362667                    1779.957697                     2014.211749                                  6.266667                                 0.230940                                  0.261333                 137316.500000                  8741.913419                   9892.406289                        137.316500                         8.741913                          9.892406          3
      8            0.2  5000000.0   window_lfu       112.704782       16.779694        18.988011          0.981433         0.002454          0.002777         22900.959316          243.741452           275.819418         23824.604782          814.329040           921.500057         35788.394782         4062.479785          4597.128643         41526.880116         7259.881216          8215.328974                  43.669578                  0.462924                   0.523848         1128.109667          11.235730           12.714425        4.620737e+06       46021.549661        52078.286007                 902.487733                  8.988584                  10.171540                2.797636e+07               1.779958e+06                2.014212e+06                    27976.362667                    1779.957697                     2014.211749                                  6.266667                                 0.230940                                  0.261333                 137999.666667                  8785.405526                   9941.622241                        137.999667                         8.785406                          9.941622          3
      8            0.2  5000000.0    naive_lfu       112.704782       16.779694        18.988011          0.981433         0.002454          0.002777         22900.635982          239.755334           271.308701         23864.738116          814.633811           921.844938         35788.394782         4062.479785          4597.128643         41526.880116         7259.881216          8215.328974                  43.670089                  0.455496                   0.515442         1128.093667          11.038018           12.490693        4.620672e+06       45211.722278        51161.880054                 902.474933                  8.830415                   9.992555                2.754816e+07               2.219791e+06                2.511930e+06                    27548.160000                    2219.790924                     2511.929900                                  6.133333                                 0.230940                                  0.261333                 135885.400000                 10952.405725                  12393.813811                        135.885400                        10.952406                         12.393814          3
      8            0.2 10000000.0 seconds_rule       112.704782       16.779694        18.988011          0.981433         0.002454          0.002777         23050.472916          644.343537           729.143352         23536.171449          687.112807           777.541337         36138.734782         3476.327030          3933.834359         41569.825782         6808.950464          7705.052791                  43.405612                  1.210440                   1.369742         1141.160667          31.231881           35.342200        4.674194e+06      127925.783168       144761.651283                 912.928533                 24.985505                  28.273760                3.969041e+07               8.535802e+06                9.659169e+06                    39690.410667                    8535.801859                     9659.169102                                  8.800000                                 1.442221                                  1.632026                 194815.900000                 41905.725112                  47420.792081                        194.815900                        41.905725                         47.420792          3
      8            0.2  5000000.0 seconds_rule       112.704782       16.779694        18.988011          0.981433         0.002454          0.002777         23164.588982          647.466699           732.677543         23652.704782          690.501735           781.376271         36317.968116         3493.569559          3953.346118         41776.080116         6842.780892          7743.335525                  43.191778                  1.204354                   1.362855         1141.160667          31.231881           35.342200        4.674194e+06      127925.783168       144761.651283                 912.928533                 24.985505                  28.273760                3.969041e+07               8.535802e+06                9.659169e+06                    39690.410667                    8535.801859                     9659.169102                                  8.800000                                 1.442221                                  1.632026                 195785.133333                 42114.211307                  47656.716420                        195.785133                        42.114211                         47.656716          3
      8            0.2  1000000.0    naive_lfu       112.704782       16.779694        18.988011          0.981433         0.002454          0.002777         23803.110916          248.585744           281.301250         24805.404782          846.435687           957.832148         37201.288116         4222.967709          4778.737825         43167.045449         7547.034757          8540.273796                  42.014359                  0.437143                   0.494674         1128.093667          11.038018           12.490693        4.620672e+06       45211.722278        51161.880054                 902.474933                  8.830415                   9.992555                2.754816e+07               2.219791e+06                2.511930e+06                    27548.160000                    2219.790924                     2511.929900                                  6.133333                                 0.230940                                  0.261333                 141267.000000                 11386.164367                  12884.657923                        141.267000                        11.386164                         12.884658          3
      8            0.2  1000000.0   window_lfu       112.704782       16.779694        18.988011          0.981433         0.002454          0.002777         23803.447049          252.730014           285.990933         24763.671449          846.135528           957.492487         37201.288116         4222.967709          4778.737825         43167.045449         7547.034757          8540.273796                  42.013867                  0.444292                   0.502764         1128.109667          11.235730           12.714425        4.620737e+06       46021.549661        52078.286007                 902.487733                  8.988584                  10.171540                2.797636e+07               1.779958e+06                2.014212e+06                    27976.362667                    1779.957697                     2014.211749                                  6.266667                                 0.230940                                  0.261333                 143465.000000                  9133.342378                  10335.349854                        143.465000                         9.133342                         10.335350          3
      8            0.2  1000000.0 seconds_rule       112.704782       16.779694        18.988011          0.981433         0.002454          0.002777         24077.517516          672.452007           760.951081         24584.971449          717.613466           812.056082         37751.834782         3631.509835          4109.440234         43426.114782         7113.424343          8049.597421                  41.554075                  1.157783                   1.310155         1141.160667          31.231881           35.342200        4.674194e+06      127925.783168       144761.651283                 912.928533                 24.985505                  28.273760                3.969041e+07               8.535802e+06                9.659169e+06                    39690.410667                    8535.801859                     9659.169102                                  8.800000                                 1.442221                                  1.632026                 203539.000000                 43782.100863                  49544.111129                        203.539000                        43.782101                         49.544111          3
      8            0.2 10000000.0          lru       112.704782       16.779694        18.988011          0.981433         0.002454          0.002777         26392.050049          917.379123          1038.112204         26484.138116          238.853785           270.288502         40237.794782         3862.222523          4370.516218         45224.407782         2969.571956          3360.387010                  37.921097                  1.333586                   1.509095         1307.412667          44.875425           50.781324        5.355162e+06      183809.740453       208000.302136                1045.930133                 35.900340                  40.625059                7.739614e+07               5.142865e+06                5.819700e+06                    77396.138667                    5142.865482                     5819.700150                                 17.866667                                 1.006645                                  1.139126                 379849.800000                 25229.151369                  28549.472375                        379.849800                        25.229151                         28.549472          3
      8            0.2  5000000.0          lru       112.704782       16.779694        18.988011          0.981433         0.002454          0.002777         26522.791316          921.866545          1043.190199         26615.338116          240.079338           271.675346         40437.421449         3881.366376          4392.179527         45448.844116         2984.288502          3377.040349                  37.734165                  1.326932                   1.501564         1307.412667          44.875425           50.781324        5.355162e+06      183809.740453       208000.302136                1045.930133                 35.900340                  40.625059                7.739614e+07               5.142865e+06                5.819700e+06                    77396.138667                    5142.865482                     5819.700150                                 17.866667                                 1.006645                                  1.139126                 381739.600000                 25354.669535                  28691.509551                        381.739600                        25.354670                         28.691510          3
      8            0.2  1000000.0          lru       112.704782       16.779694        18.988011          0.981433         0.002454          0.002777         27568.721449          957.765956          1083.814208         27664.938116          249.884556           282.770994         42034.434782         4034.517220          4565.486022         47244.334782         3102.020908          3510.267108                  36.302540                  1.275992                   1.443921         1307.412667          44.875425           50.781324        5.355162e+06      183809.740453       208000.302136                1045.930133                 35.900340                  40.625059                7.739614e+07               5.142865e+06                5.819700e+06                    77396.138667                    5142.865482                     5819.700150                                 17.866667                                 1.006645                                  1.139126                 396858.000000                 26358.814863                  29827.806959                        396.858000                        26.358815                         29.827807          3
      8            0.2 10000000.0      all_ssd       112.704782       16.779694        18.988011          0.981433         0.002454          0.002777         34426.821782          912.245300          1032.302737         33230.804782          679.663321           769.111450         45299.179782         2966.075975          3356.430935         46745.575782         2373.519548          2685.890214                  29.060933                  0.781950                   0.884860         1707.170000          44.748225           50.637384        6.992568e+06      183288.730852       207410.724269                1365.736000                 35.798580                  40.509907                0.000000e+00               0.000000e+00                0.000000e+00                        0.000000                       0.000000                        0.000000                                  0.000000                                 0.000000                                  0.000000                      0.000000                     0.000000                      0.000000                          0.000000                         0.000000                          0.000000          3
      8            0.2  5000000.0      all_ssd       112.704782       16.779694        18.988011          0.981433         0.002454          0.002777         34597.538782          916.719804          1037.366114         33395.571449          682.998146           772.885160         45523.988116         2980.785597          3373.076439         46977.580116         2385.278160          2699.196336                  28.917534                  0.778049                   0.880446         1707.170000          44.748225           50.637384        6.992568e+06      183288.730852       207410.724269                1365.736000                 35.798580                  40.509907                0.000000e+00               0.000000e+00                0.000000e+00                        0.000000                       0.000000                        0.000000                                  0.000000                                 0.000000                                  0.000000                      0.000000                     0.000000                      0.000000                          0.000000                         0.000000                          0.000000          3
      8            0.2  1000000.0      all_ssd       112.704782       16.779694        18.988011          0.981433         0.002454          0.002777         35963.274782          952.515940          1077.873255         34713.704782          709.676988           803.075112         47322.454782         3098.462625          3506.240532         48833.614782         2479.347124          2805.645389                  27.819355                  0.748192                   0.846659         1707.170000          44.748225           50.637384        6.992568e+06      183288.730852       207410.724269                1365.736000                 35.798580                  40.509907                0.000000e+00               0.000000e+00                0.000000e+00                        0.000000                       0.000000                        0.000000                                  0.000000                                 0.000000                                  0.000000                      0.000000                     0.000000                      0.000000                          0.000000                         0.000000                          0.000000          3
     16            0.2 10000000.0    naive_lfu       204.390386       17.299533        19.576265          0.998833         0.000551          0.000623         44936.796520          836.361792           946.432463         46558.707053         1526.626870          1727.540932         69558.098720        10641.767167         12042.293192         72668.776720        10267.108855         11618.327400                  22.258578                  0.411043                   0.465139         2225.448667          41.073200           46.478701        9.115438e+06      168235.825310       190376.758099                1780.358933                 32.858560                  37.182961                2.409045e+07               6.108266e+06                6.912154e+06                    24090.453333                    6108.266462                     6912.154201                                  5.466667                                 1.404754                                  1.589629                 118248.300000                 29989.705190                  33936.546154                        118.248300                        29.989705                         33.936546          3
     16            0.2 10000000.0   window_lfu       204.390386       17.299533        19.576265          0.998833         0.000551          0.000623         44898.548286          793.440241           897.862156         46063.007053         1249.281744          1413.695376         69558.098720        10641.767167         12042.293192         72682.174720        10244.756910         11593.033794                  22.277082                  0.394432                   0.446341         2223.545667          38.744688           43.843742        9.107643e+06      158698.240891       179583.965313                1778.836533                 30.995750                  35.074993                2.828834e+07               4.427484e+06                5.010170e+06                    28288.341333                    4427.484182                     5010.170001                                  6.400000                                 1.058301                                  1.197580                 138864.200000                 21737.351592                  24598.128954                        138.864200                        21.737352                         24.598129          3
     16            0.2  5000000.0   window_lfu       204.390386       17.299533        19.576265          0.998833         0.000551          0.000623         45120.902853          797.314444           902.246230         46291.157053         1255.563834          1420.804230         69903.140386        10694.638198         12102.122395         73042.759053        10295.645746         11650.619932                  22.167300                  0.392460                   0.444110         2223.545667          38.744688           43.843742        9.107643e+06      158698.240891       179583.965313                1778.836533                 30.995750                  35.074993                2.828834e+07               4.427484e+06                5.010170e+06                    28288.341333                    4427.484182                     5010.170001                                  6.400000                                 1.058301                                  1.197580                 139555.066667                 21845.497620                  24720.507705                        139.555067                        21.845498                         24.720508          3
     16            0.2  5000000.0    naive_lfu       204.390386       17.299533        19.576265          0.998833         0.000551          0.000623         45159.341386          840.468568           951.079717         46789.323720         1534.266111          1736.185546         69903.140386        10694.638198         12102.122395         73029.295053        10318.107780         11676.038116                  22.148887                  0.408999                   0.462826         2225.448667          41.073200           46.478701        9.115438e+06      168235.825310       190376.758099                1780.358933                 32.858560                  37.182961                2.409045e+07               6.108266e+06                6.912154e+06                    24090.453333                    6108.266462                     6912.154201                                  5.466667                                 1.404754                                  1.589629                 118836.600000                 30138.907703                  34105.384692                        118.836600                        30.138908                         34.105385          3
     16            0.2 10000000.0 seconds_rule       204.390386       17.299533        19.576265          0.998833         0.000551          0.000623         46210.425386         1630.106316          1844.638947         46093.490386         2282.961906          2583.414596         71694.528720        10239.282487         11586.838900         73851.326386        10583.866100         11976.771966                  21.657809                  0.751439                   0.850334         2288.814667          80.478848           91.070389        9.374985e+06      329641.359625       373024.314322                1831.051733                 64.383078                  72.856311                4.617813e+07               4.500510e+06                5.092807e+06                    46178.133333                    4500.510066                     5092.806568                                 10.133333                                 0.611010                                  0.691423                 226667.700000                 22080.460677                  24986.393434                        226.667700                        22.080461                         24.986393          3
     16            0.2  5000000.0 seconds_rule       204.390386       17.299533        19.576265          0.998833         0.000551          0.000623         46439.306853         1638.153981          1853.745739         46321.790386         2294.388396          2596.344886         72050.200386        10290.142104         11644.391974         74217.728386        10636.437289         12036.261867                  21.551065                  0.747723                   0.846128         2288.814667          80.478848           91.070389        9.374985e+06      329641.359625       373024.314322                1831.051733                 64.383078                  72.856311                4.617813e+07               4.500510e+06                5.092807e+06                    46178.133333                    4500.510066                     5092.806568                                 10.133333                                 0.611010                                  0.691423                 227795.400000                 22190.313715                  25110.703849                        227.795400                        22.190314                         25.110704          3
     16            0.2  1000000.0    naive_lfu       204.390386       17.299533        19.576265          0.998833         0.000551          0.000623         46939.700320          873.322957           988.257959         48634.257053         1595.380158          1805.342601         72663.473720        11117.606451         12580.756031         75913.441720        10726.099182         12137.723850                  21.308807                  0.393356                   0.445124         2225.448667          41.073200           46.478701        9.115438e+06      168235.825310       190376.758099                1780.358933                 32.858560                  37.182961                2.409045e+07               6.108266e+06                6.912154e+06                    24090.453333                    6108.266462                     6912.154201                                  5.466667                                 1.404754                                  1.589629                 123543.000000                 31332.527811                  35456.092997                        123.543000                        31.332528                         35.456093          3
     16            0.2  1000000.0   window_lfu       204.390386       17.299533        19.576265          0.998833         0.000551          0.000623         46899.739386          828.308162           937.318923         48116.357053         1305.820632          1477.675151         72663.473720        11117.606451         12580.756031         75927.433720        10702.756434         12111.309044                  21.326523                  0.377369                   0.427033         2223.545667          38.744688           43.843742        9.107643e+06      158698.240891       179583.965313                1778.836533                 30.995750                  35.074993                2.828834e+07               4.427484e+06                5.010170e+06                    28288.341333                    4427.484182                     5010.170001                                  6.400000                                 1.058301                                  1.197580                 145082.000000                 22710.665842                  25699.537714                        145.082000                        22.710666                         25.699538          3
     16            0.2  1000000.0 seconds_rule       204.390386       17.299533        19.576265          0.998833         0.000551          0.000623         48270.358586         1702.535382          1926.600152         48148.190386         2385.800359          2699.787259         74895.573720        10697.019042         12104.816574         77148.944386        11057.006801         12512.181072                  20.733559                  0.719265                   0.813925         2288.814667          80.478848           91.070389        9.374985e+06      329641.359625       373024.314322                1831.051733                 64.383078                  72.856311                4.617813e+07               4.500510e+06                5.092807e+06                    46178.133333                    4500.510066                     5092.806568                                 10.133333                                 0.611010                                  0.691423                 236817.000000                 23069.138020                  26105.187170                        236.817000                        23.069138                         26.105187          3
     16            0.2 10000000.0          lru       204.390386       17.299533        19.576265          0.998833         0.000551          0.000623         53863.178786         4024.580244          4554.241275         53051.007053         2539.732087          2873.977408         80740.400386         7969.764332          9018.637342         83440.299386         6498.299652          7353.518304                  18.638018                  1.454672                   1.646117         2669.558667         199.376972          225.616282        1.093451e+07      816648.075324       924124.292798                2135.646933                159.501577                 180.493026                7.026637e+07               1.017417e+07                1.151316e+07                    70266.368000                   10174.169155                    11513.156229                                 17.866667                                 1.616581                                  1.829333                 344855.700000                 49928.379771                  56499.280461                        344.855700                        49.928380                         56.499280          3
     16            0.2  5000000.0          lru       204.390386       17.299533        19.576265          0.998833         0.000551          0.000623         54130.134653         4044.517938          4576.802900         53313.923720         2552.394799          2888.306615         81141.077053         8009.330651          9063.410847         83854.408386         6530.544149          7390.006387                  18.546100                  1.447495                   1.637995         2669.558667         199.376972          225.616282        1.093451e+07      816648.075324       924124.292798                2135.646933                159.501577                 180.493026                7.026637e+07               1.017417e+07                1.151316e+07                    70266.368000                   10174.169155                    11513.156229                                 17.866667                                 1.616581                                  1.829333                 346571.400000                 50176.779670                  56780.371409                        346.571400                        50.176780                         56.780371          3
     16            0.2 10000000.0      all_ssd       204.390386       17.299533        19.576265          0.998833         0.000551          0.000623         67440.015986         2251.866906          2548.227290         64896.240386         5225.652072          5913.381996         82896.795386         5905.438088          6682.632289         84726.431386         5197.682978          5881.731987                  14.839224                  0.504579                   0.570985         3345.056000         111.192242          125.825867        1.370135e+07      455443.423122       515382.750562                2676.044800                 88.953794                 100.660693                0.000000e+00               0.000000e+00                0.000000e+00                        0.000000                       0.000000                        0.000000                                  0.000000                                 0.000000                                  0.000000                      0.000000                     0.000000                      0.000000                          0.000000                         0.000000                          0.000000          3
     16            0.2  5000000.0      all_ssd       204.390386       17.299533        19.576265          0.998833         0.000551          0.000623         67774.521586         2262.986115          2560.809860         65218.090386         5251.607167          5942.752951         83308.200386         5934.734508          6715.784308         85146.939053         5223.457130          5910.898185                  14.765983                  0.502077                   0.568154         3345.056000         111.192242          125.825867        1.370135e+07      455443.423122       515382.750562                2676.044800                 88.953794                 100.660693                0.000000e+00               0.000000e+00                0.000000e+00                        0.000000                       0.000000                        0.000000                                  0.000000                                 0.000000                                  0.000000                      0.000000                     0.000000                      0.000000                          0.000000                         0.000000                          0.000000          3
     16            0.2  1000000.0          lru       204.390386       17.299533        19.576265          0.998833         0.000551          0.000623         56265.781586         4204.019487          4757.295894         55417.257053         2653.696583          3002.940375         84346.490386         8325.861205          9421.598887         87167.280386         6788.500124          7681.911054                  17.842154                  1.392528                   1.575794         2669.558667         199.376972          225.616282        1.093451e+07      816648.075324       924124.292798                2135.646933                159.501577                 180.493026                7.026637e+07               1.017417e+07                1.151316e+07                    70266.368000                   10174.169155                    11513.156229                                 17.866667                                 1.616581                                  1.829333                 360297.000000                 52163.978865                  59029.098990                        360.297000                        52.163979                         59.029099          3
     16            0.2  1000000.0      all_ssd       204.390386       17.299533        19.576265          0.998833         0.000551          0.000623         70450.566386         2351.939795          2661.470424         67792.890386         5459.247968          6177.720636         86599.440386         6169.105867          6981.000468         88511.000386         5429.650344          6144.227771                  14.205098                  0.482922                   0.546478         3345.056000         111.192242          125.825867        1.370135e+07      455443.423122       515382.750562                2676.044800                 88.953794                 100.660693                0.000000e+00               0.000000e+00                0.000000e+00                        0.000000                       0.000000                        0.000000                                  0.000000                                 0.000000                                  0.000000                      0.000000                     0.000000                      0.000000                          0.000000                         0.000000                          0.000000          3
     32            0.2 10000000.0    naive_lfu       455.731702       59.686880        67.542064          0.999933         0.000058          0.000065        102140.668402         1084.833368          1227.604521        100253.531702        13312.074942         15064.030901        123558.706702        10356.251256         11719.201523        126787.779702        10095.697935         11424.357685                   9.791159                  0.104469                   0.118218         5058.879667          52.179459           59.046616        2.072117e+07      213727.063271       241854.939925                4047.103733                 41.743567                  47.237293                1.976713e+07               6.854870e+06                7.757016e+06                    19767.125333                    6854.869897                     7757.015522                                  5.466667                                 1.665333                                  1.884501                  97022.700000                 33656.386166                  38085.786281                         97.022700                        33.656386                         38.085786          3
     32            0.2  5000000.0    naive_lfu       455.731702       59.686880        67.542064          0.999933         0.000058          0.000065        102646.556369         1090.046182          1233.503375        100750.031702        13378.178945         15138.834622        124171.155035        10408.041746         11777.807979        127416.294369        10146.187461         11481.491962                   9.742904                  0.103939                   0.117618         5058.879667          52.179459           59.046616        2.072117e+07      213727.063271       241854.939925                4047.103733                 41.743567                  47.237293                1.976713e+07               6.854870e+06                7.757016e+06                    19767.125333                    6854.869897                     7757.015522                                  5.466667                                 1.665333                                  1.884501                  97505.400000                 33823.830873                  38275.267805                         97.505400                        33.823831                         38.275268          3
     32            0.2  1000000.0    naive_lfu       455.731702       59.686880        67.542064          0.999933         0.000058          0.000065        106693.660102         1131.750400          1280.696140        104722.031702        13907.011152         15737.264599        129070.741702        10822.365719         12246.659692        132444.411702        10550.103732         11938.566250                   9.373334                  0.099881                   0.113026         5058.879667          52.179459           59.046616        2.072117e+07      213727.063271       241854.939925                4047.103733                 41.743567                  47.237293                1.976713e+07               6.854870e+06                7.757016e+06                    19767.125333                    6854.869897                     7757.015522                                  5.466667                                 1.665333                                  1.884501                 101367.000000                 35163.388531                  39791.119995                        101.367000                        35.163389                         39.791120          3
     32            0.2 10000000.0 seconds_rule       455.731702       59.686880        67.542064          0.999933         0.000058          0.000065        102365.614469         1763.240461          1995.294415         96582.698369         7408.547744          8383.560988        129562.785035         8222.986704          9305.185430        132399.699702         6489.500339          7343.560945                   9.770856                  0.169836                   0.192187         5070.072333          85.147258           96.353194        2.076702e+07      348763.170726       394662.680584                4056.057867                 68.117807                  77.082555                3.922500e+07               1.406018e+07                1.591059e+07                    39225.002667                   14060.177663                    15910.588823                                 11.466667                                 4.026578                                  4.556502                 192531.200000                 68996.582108                  78076.982697                        192.531200                        68.996582                         78.076983          3
     32            0.2 10000000.0   window_lfu       455.731702       59.686880        67.542064          0.999933         0.000058          0.000065        102239.368302         1415.277738          1601.537527        101845.048369        14943.854953         16910.563812        129672.665035         5540.296442          6269.435619        131743.836702         7234.038933          8186.085677                   9.782214                  0.135062                   0.152837         5063.790667          69.653759           78.820649        2.074129e+07      285301.798555       322849.377584                4051.032533                 55.723008                  63.056519                3.089015e+07               1.570242e+07                1.776896e+07                    30890.154667                   15702.417811                    17768.958494                                  8.666667                                 3.629509                                  4.107176                 151621.000000                 77056.758256                  87197.930639                        151.621000                        77.056758                         87.197931          3
     32            0.2  5000000.0 seconds_rule       455.731702       59.686880        67.542064          0.999933         0.000058          0.000065        102872.621702         1771.753974          2004.928363         97060.931702         7445.200397          8425.037369        130205.105035         8264.058440          9351.662476        133056.134369         6521.951911          7380.283356                   9.722700                  0.168978                   0.191216         5070.072333          85.147258           96.353194        2.076702e+07      348763.170726       394662.680584                4056.057867                 68.117807                  77.082555                3.922500e+07               1.406018e+07                1.591059e+07                    39225.002667                   14060.177663                    15910.588823                                 11.466667                                 4.026578                                  4.556502                 193489.066667                 69339.848686                  78465.425396                        193.489067                        69.339849                         78.465425          3
     32            0.2  5000000.0   window_lfu       455.731702       59.686880        67.542064          0.999933         0.000058          0.000065        102745.747369         1422.237320          1609.413035        102349.465035        15018.122528         16994.605485        130315.531702         5568.004507          6300.790246        132397.008369         7270.202009          8227.008051                   9.734003                  0.134391                   0.152078         5063.790667          69.653759           78.820649        2.074129e+07      285301.798555       322849.377584                4051.032533                 55.723008                  63.056519                3.089015e+07               1.570242e+07                1.776896e+07                    30890.154667                   15702.417811                    17768.958494                                  8.666667                                 3.629509                                  4.107176                 152375.333333                 77440.125212                  87631.751189                        152.375333                        77.440125                         87.631751          3
     32            0.2  1000000.0 seconds_rule       455.731702       59.686880        67.542064          0.999933         0.000058          0.000065        106928.679569         1839.862486          2082.000399        100886.798369         7738.421836          8756.848663        135343.665035         8592.632591          9723.479129        138307.611702         6781.564809          7674.063006                   9.353891                  0.162413                   0.183788         5070.072333          85.147258           96.353194        2.076702e+07      348763.170726       394662.680584                4056.057867                 68.117807                  77.082555                3.922500e+07               1.406018e+07                1.591059e+07                    39225.002667                   14060.177663                    15910.588823                                 11.466667                                 4.026578                                  4.556502                 201152.000000                 72085.981307                  81572.966996                        201.152000                        72.085981                         81.572967          3
     32            0.2 10000000.0          lru       455.731702       59.686880        67.542064          0.999933         0.000058          0.000065        100811.307002         2506.458565          2836.324873         98130.265035         1662.876867          1881.722318        135448.335035         6888.706552          7795.305301        137520.176702         7873.518702          8909.725158                   9.923623                  0.247441                   0.280005         4992.752333         126.660938          143.330344        2.045031e+07      518803.200323       587081.088031                3994.201867                101.328750                 114.664275                4.553830e+07               1.760962e+07                1.992716e+07                    45538.304000                   17609.623475                    19927.164874                                 11.333333                                 3.028751                                  3.427355                 223505.300000                 86414.223176                  97786.899025                        223.505300                        86.414223                         97.786899          3
     32            0.2  1000000.0   window_lfu       455.731702       59.686880        67.542064          0.999933         0.000058          0.000065        106796.779902         1477.915934          1672.419319        106384.798369        15612.263325         17666.939089        135458.465035         5789.669442          6551.627733        137622.381702         7559.506898          8554.387351                   9.364771                  0.129254                   0.146265         5063.790667          69.653759           78.820649        2.074129e+07      285301.798555       322849.377584                4051.032533                 55.723008                  63.056519                3.089015e+07               1.570242e+07                1.776896e+07                    30890.154667                   15702.417811                    17768.958494                                  8.666667                                 3.629509                                  4.107176                 158410.000000                 80507.060864                  91102.315593                        158.410000                        80.507061                         91.102316          3
     32            0.2  5000000.0          lru       455.731702       59.686880        67.542064          0.999933         0.000058          0.000065        101310.582235         2519.122682          2850.655670         98616.198369         1671.375544          1891.339476        136119.938369         6923.223181          7834.364544        138202.088369         7912.942661          8954.337568                   9.874719                  0.246247                   0.278654         4992.752333         126.660938          143.330344        2.045031e+07      518803.200323       587081.088031                3994.201867                101.328750                 114.664275                4.553830e+07               1.760962e+07                1.992716e+07                    45538.304000                   17609.623475                    19927.164874                                 11.333333                                 3.028751                                  3.427355                 224617.266667                 86844.144685                  98273.401010                        224.617267                        86.844145                         98.273401          3
     32            0.2 10000000.0      all_ssd       455.731702       59.686880        67.542064          0.999933         0.000058          0.000065        124307.194802         1573.014667          1780.033665        124355.481702        13682.805497         15483.552017        140607.001702         5697.993084          6447.886168        141162.967702         6127.298315          6933.690770                   8.045452                  0.102555                   0.116051         6161.764333          75.861149           85.844972        2.523859e+07      310727.268052       351621.004834                4929.411467                 60.688920                  68.675978                0.000000e+00               0.000000e+00                0.000000e+00                        0.000000                       0.000000                        0.000000                                  0.000000                                 0.000000                                  0.000000                      0.000000                     0.000000                      0.000000                          0.000000                         0.000000                          0.000000          3
     32            0.2  5000000.0      all_ssd       455.731702       59.686880        67.542064          0.999933         0.000058          0.000065        124923.371235         1580.598832          1788.615956        124971.898369        13750.691950         15560.372770        141304.271702         5726.595024          6480.252310        141863.003702         6158.048272          6968.487622                   8.005768                  0.102035                   0.115463         6161.764333          75.861149           85.844972        2.523859e+07      310727.268052       351621.004834                4929.411467                 60.688920                  68.675978                0.000000e+00               0.000000e+00                0.000000e+00                        0.000000                       0.000000                        0.000000                                  0.000000                                 0.000000                                  0.000000                      0.000000                     0.000000                      0.000000                          0.000000                         0.000000                          0.000000          3
     32            0.2  1000000.0          lru       455.731702       59.686880        67.542064          0.999933         0.000058          0.000065        105304.784102         2620.436306          2965.302829        102503.665035         1739.365701          1968.277581        141492.765035         7199.356359          8146.838650        143657.381702         8228.334447          9311.236972                   9.500178                  0.237095                   0.268298         4992.752333         126.660938          143.330344        2.045031e+07      518803.200323       587081.088031                3994.201867                101.328750                 114.664275                4.553830e+07               1.760962e+07                1.992716e+07                    45538.304000                   17609.623475                    19927.164874                                 11.333333                                 3.028751                                  3.427355                 233513.000000                 90283.516751                 102165.416892                        233.513000                        90.283517                        102.165417          3
     32            0.2  1000000.0      all_ssd       455.731702       59.686880        67.542064          0.999933         0.000058          0.000065        129852.782702         1641.272804          1857.275018        129903.231702        14293.783705         16174.938945        146882.431702         5955.410693          6739.181615        147463.291702         6404.048029          7246.862553                   7.701855                  0.098060                   0.110965         6161.764333          75.861149           85.844972        2.523859e+07      310727.268052       351621.004834                4929.411467                 60.688920                  68.675978                0.000000e+00               0.000000e+00                0.000000e+00                        0.000000                       0.000000                        0.000000                                  0.000000                                 0.000000                                  0.000000                      0.000000                     0.000000                      0.000000                          0.000000                         0.000000                          0.000000          3

------------------------------------------------------------
3) sla_reachable_recall.csv (if present)
------------------------------------------------------------
File path: /mnt/c/Users/AIALRA-PORTABLE/Desktop/Seconds-Rule-Tiered-Ann1/Seconds-Rule-Tiered-ANN/results/tiered_ann_seconds_rule_20251215_232258/agg/sla_reachable_recall.csv
Total rows: 108
Columns: ['dram_fraction', 'max_iops', 'policy', 'sla_us', 'best_nprobe', 'reachable_recall_at_k', 'best_p95_latency_us']

First 20 rows:
 dram_fraction  max_iops       policy  sla_us  best_nprobe  reachable_recall_at_k  best_p95_latency_us
          0.05 1000000.0     all_dram   200.0            8               0.981433           114.304782
          0.05 1000000.0     all_dram   500.0           32               0.999933           462.131702
          0.05 1000000.0      all_ssd   200.0           -1               0.000000                  inf
          0.05 1000000.0      all_ssd   500.0           -1               0.000000                  inf
          0.05 1000000.0          lru   200.0           -1               0.000000                  inf
          0.05 1000000.0          lru   500.0           -1               0.000000                  inf
          0.05 1000000.0    naive_lfu   200.0           -1               0.000000                  inf
          0.05 1000000.0    naive_lfu   500.0           -1               0.000000                  inf
          0.05 1000000.0 seconds_rule   200.0           -1               0.000000                  inf
          0.05 1000000.0 seconds_rule   500.0           -1               0.000000                  inf
          0.05 1000000.0   window_lfu   200.0           -1               0.000000                  inf
          0.05 1000000.0   window_lfu   500.0           -1               0.000000                  inf
          0.05 5000000.0     all_dram   200.0            8               0.981433           114.304782
          0.05 5000000.0     all_dram   500.0           32               0.999933           462.131702
          0.05 5000000.0      all_ssd   200.0           -1               0.000000                  inf
          0.05 5000000.0      all_ssd   500.0           -1               0.000000                  inf
          0.05 5000000.0          lru   200.0           -1               0.000000                  inf
          0.05 5000000.0          lru   500.0           -1               0.000000                  inf
          0.05 5000000.0    naive_lfu   200.0           -1               0.000000                  inf
          0.05 5000000.0    naive_lfu   500.0           -1               0.000000                  inf

============================================================
Copy all the output above into ChatGPT, and I can directly help you see which one is better, by how much, and how to write the conclusions.
============================================================
